"mid","season","start_dt","margin","win_tid","lose_tid","win_score","lose_score","HomeWin","HomeMarginRA","AwayMarginRA","HomeKicksRA","Trav_Distance","WeightDifference","HeightDifference","PredProbWin"
"2013_R01_101_105",2013,"2013-03-22 20:10",35,105,101,117,82,"0",29.6,-13.3333333333333,217.866666666667,"Far",0.454545454545467,-2.77272727272728,0.945655796268506
"2013_R01_106_117",2013,"2013-03-23 16:40",28,106,117,108,80,"1",12.8666666666667,14.6666666666667,214.2,"Close",-0.909090909090921,-0.954545454545439,0.491815417190586
"2013_R01_103_114",2013,"2013-03-28 19:45",5,114,103,106,101,"0",-4.13333333333333,12.4,206,"Close",-2.09090909090909,-1,0.366237770219508
"2013_R01_102_118",2013,"2013-03-30 13:40",68,118,102,127,59,"1",-45.9333333333333,-0.733333333333333,199.533333333333,"Far",-0.454545454545453,0.818181818181813,0.295532690890095
"2013_R01_109_116",2013,"2013-03-30 16:40",30,116,109,106,76,"0",-72,34.9333333333333,189.4,"Close",-1.31818181818181,0.0909090909090935,0.0822202950921549
"2013_R01_108_115",2013,"2013-03-30 18:45",13,108,115,90,77,"1",-44.0666666666667,19.9333333333333,185.6,"Far",0.954545454545467,0.181818181818187,0.288374145724416
"2013_R01_111_113",2013,"2013-03-31 13:10",79,113,111,133,54,"0",-27,-19.3333333333333,193.6,"Far",1.09090909090909,-0.863636363636346,0.645537972997082
"2013_R01_104_112",2013,"2013-03-31 16:40",16,104,112,103,87,"0",10.8666666666667,17.1333333333333,209.133333333333,"Close",-2.54545454545455,0.545454545454533,0.357866397311838
"2013_R01_107_110",2013,"2013-04-01 15:20",7,107,110,93,86,"0",54.0666666666667,20.0666666666667,223,"Close",-0.318181818181813,-0.954545454545467,0.758432590596451
"2013_R02_114_115",2013,"2013-04-05 19:50",17,114,115,99,82,"0",21.0666666666667,14,215.2,"Close",-2.27272727272728,-1.59090909090909,0.517320275028827
"2013_R02_106_118",2013,"2013-04-06 14:10",28,106,118,106,78,"0",-43.9333333333333,18.4666666666667,201.2,"Far",0.27272727272728,0.22727272727272,0.260480656078295
"2013_R02_101_102",2013,"2013-04-06 15:40",19,101,102,96,77,"0",-11.4,22.6666666666667,195.8,"Far",0.454545454545453,1.54545454545453,0.378500844117423
"2013_R02_109_113",2013,"2013-04-06 19:10",56,113,109,134,78,"1",-14.2,-67.8666666666667,190.666666666667,"Far",0.36363636363636,1.36363636363637,0.893699223744575
"2013_R02_105_111",2013,"2013-04-06 19:40",148,105,111,184,36,"1",-12.2666666666667,-25.5333333333333,203.933333333333,"Close",1.13636363636363,0.954545454545467,0.59419099711216
"2013_R02_107_112",2013,"2013-04-07 13:10",4,107,112,112,108,"1",21.3333333333333,9.93333333333333,210.933333333333,"Close",1.04545454545453,0.363636363636374,0.616687346735661
"2013_R02_110_117",2013,"2013-04-07 14:40",50,110,117,148,98,"0",10.8,49.8666666666667,204.666666666667,"Far",-0.318181818181813,1.13636363636363,0.342739413598056
"2013_R02_103_104",2013,"2013-04-07 15:20",17,104,103,117,100,"1",17.4,0.133333333333333,218.6,"Close",2.90909090909091,-0.77272727272728,0.765425054131126
"2013_R03_105_106",2013,"2013-04-12 18:40",4,105,106,72,68,"0",23.5333333333333,-6.8,218.866666666667,"Far",1.5,-0.545454545454533,0.870003818574539
"2013_R03_112_116",2013,"2013-04-13 13:45",39,116,112,131,92,"0",8.6,34.8,212.266666666667,"Far",-0.681818181818187,0.590909090909093,0.40300867060602
"2013_R03_111_117",2013,"2013-04-13 14:10",94,117,111,177,83,"0",-31.5333333333333,4.26666666666667,188.2,"Far",-1.5,-1.22727272727272,0.387868645009514
"2013_R03_109_115",2013,"2013-04-13 16:40",72,115,109,140,68,"0",-67.2,18.0666666666667,191.8,"Close",0.181818181818173,0.181818181818187,0.137815278586748
"2013_R03_103_107",2013,"2013-04-13 19:40",16,107,103,119,103,"1",20.2666666666667,-4.86666666666667,207.6,"Close",2.36363636363636,1,0.739265082910205
"2013_R03_102_108",2013,"2013-04-13 19:40",2,102,108,94,92,"0",-40.2,-11.6,187.933333333333,"Far",0.272727272727266,1.09090909090909,0.407919073455545
"2013_R03_114_118",2013,"2013-04-14 13:10",67,114,118,135,68,"1",11,-44.4666666666667,213.466666666667,"Close",-0.27272727272728,0.0454545454545325,0.829741385591229
"2013_R03_104_110",2013,"2013-04-14 15:20",55,110,104,145,90,"0",16.8,57.3333333333333,220.4,"Close",1.5,-0.363636363636374,0.345923611007702
"2013_R03_101_113",2013,"2013-04-14 16:10",9,113,101,118,109,"1",-13.6666666666667,25.6666666666667,192.2,"Close",-1.36363636363636,2.72727272727272,0.205163331222498
"2013_R04_107_116",2013,"2013-04-19 19:50",21,107,116,124,103,"0",31.2666666666667,17,205.933333333333,"Far",-1.27272727272727,-1.63636363636363,0.736284346626196
"2013_R04_106_110",2013,"2013-04-20 13:45",42,110,106,118,76,"1",53.3333333333333,25.2,221,"Far",1.04545454545455,0.636363636363654,0.820377002929048
"2013_R04_104_114",2013,"2013-04-20 14:10",34,104,114,113,79,"0",14.9333333333333,6.66666666666667,215.6,"Close",-0.909090909090907,1.95454545454544,0.442294672476945
"2013_R04_105_115",2013,"2013-04-20 16:40",37,105,115,128,91,"0",23.4,-6.13333333333333,216.4,"Close",-2.5,-1.59090909090909,0.649281517162701
"2013_R04_103_117",2013,"2013-04-20 17:40",24,103,117,89,65,"0",10.6666666666667,-2.33333333333333,201.266666666667,"Far",0.318181818181827,-0.136363636363654,0.729392457912835
"2013_R04_108_113",2013,"2013-04-20 19:40",38,113,108,104,66,"0",-33.8666666666667,-16.6666666666667,188.533333333333,"Far",2,-0.136363636363626,0.597424837334384
"2013_R04_109_111",2013,"2013-04-21 13:10",41,111,109,144,103,"1",-38.2,-67.6666666666667,185.133333333333,"Far",1.27272727272727,0.454545454545439,0.829259388316572
"2013_R04_101_118",2013,"2013-04-21 14:50",52,101,118,80,28,"1",23.1333333333333,-42.8,215,"Far",-0.590909090909093,-2.36363636363637,0.974208328739633
"2013_R04_102_112",2013,"2013-04-21 16:40",63,112,102,125,62,"1",13.6666666666667,-11.6,214.933333333333,"Far",-0.63636363636364,0.681818181818187,0.715448738401
"2013_R05_104_105",2013,"2013-04-25 14:40",46,105,104,121,75,"1",-3.4,6.13333333333333,208.4,"Close",-2.09090909090909,0.681818181818159,0.345823400659065
"2013_R05_115_116",2013,"2013-04-25 19:50",16,116,115,79,63,"0",14.6,29.6,213.266666666667,"Far",-2,0.772727272727252,0.41061633542345
"2013_R05_106_114",2013,"2013-04-26 18:45",1,106,114,81,80,"1",21.6,13.4666666666667,217.933333333333,"Far",0.590909090909079,-0.27272727272728,0.700618271858564
"2013_R05_101_103",2013,"2013-04-27 16:40",32,103,101,115,83,"1",0.0666666666666667,26.3333333333333,208.266666666667,"Far",-0.681818181818187,0.909090909090907,0.391528865286305
"2013_R05_113_117",2013,"2013-04-27 19:15",5,113,117,84,79,"1",-11.0666666666667,8.4,195.733333333333,"Close",-0.909090909090907,1.09090909090907,0.33436505883896
"2013_R05_107_118",2013,"2013-04-27 19:40",21,107,118,107,86,"0",-48.8,17.6,196.733333333333,"Close",-0.454545454545453,-1.09090909090909,0.200204969586532
"2013_R05_102_111",2013,"2013-04-28 15:20",28,102,111,122,94,"1",-11.4666666666667,-32.6666666666667,195.466666666667,"Far",1.68181818181819,0.954545454545439,0.785789925908182
"2013_R05_110_112",2013,"2013-04-28 16:40",3,110,112,99,96,"1",53.0666666666667,17.4,220.6,"Close",1.68181818181819,-0.0454545454545325,0.816220586760454
"2013_R06_104_115",2013,"2013-05-03 19:50",26,104,115,103,77,"1",2.86666666666667,13.8,218.133333333333,"Close",4.22727272727273,-0.181818181818187,0.612529046713667
"2013_R06_105_109",2013,"2013-05-04 13:45",39,105,109,120,81,"1",-1.93333333333333,-67.3333333333333,208.333333333333,"Far",0.818181818181813,-0.227272727272748,0.963470993234919
"2013_R06_112_113",2013,"2013-05-04 14:10",10,112,113,93,83,"1",15.0666666666667,-8.2,214.733333333333,"Far",0.818181818181813,-0.0454545454545325,0.792375710582763
"2013_R06_101_110",2013,"2013-05-04 16:10",11,110,101,89,78,"0",26.3333333333333,48.9333333333333,215.8,"Far",-0.545454545454547,0.22727272727272,0.447743759029884
"2013_R06_106_108",2013,"2013-05-04 19:40",45,106,108,99,54,"0",-26.6666666666667,23.2666666666667,195.4,"Close",0.454545454545467,0.72727272727272,0.248073228911938
"2013_R06_107_114",2013,"2013-05-04 19:40",44,107,114,131,87,"0",12.6,19.4,212.933333333333,"Close",-0.545454545454547,-0.909090909090907,0.476811809472761
"2013_R06_102_116",2013,"2013-05-05 13:10",60,116,102,115,55,"1",30.2666666666667,-13.4666666666667,205,"Far",-0.63636363636364,-1.95454545454547,0.91729678915058
"2013_R06_117_118",2013,"2013-05-05 14:40",70,117,118,137,67,"1",8.26666666666667,-46.3333333333333,203.266666666667,"Far",2.27272727272728,1.59090909090909,0.938007923082687
"2013_R06_103_111",2013,"2013-05-05 15:20",61,103,111,121,60,"1",2.86666666666667,-39.7333333333333,210.266666666667,"Close",0.27272727272728,-0.363636363636374,0.793043356293776
"2013_R07_105_107",2013,"2013-05-10 19:50",28,107,105,113,85,"1",19.8,-4.93333333333333,206.733333333333,"Close",0.545454545454533,-0.363636363636374,0.713735257680017
"2013_R07_113_114",2013,"2013-05-11 13:15",41,114,113,114,73,"0",-6.33333333333333,10.9333333333333,196.133333333333,"Far",-2.27272727272727,0.136363636363626,0.41803927101519
"2013_R07_102_117",2013,"2013-05-11 14:10",26,117,102,108,82,"0",-21.5333333333333,4.53333333333333,192.866666666667,"Close",-1.95454545454545,-1.90909090909091,0.357027118087993
"2013_R07_112_118",2013,"2013-05-11 16:40",54,112,118,151,97,"0",-45.4,13.5333333333333,196.4,"Close",0.77272727272728,0.409090909090907,0.22256896708147
"2013_R07_104_106",2013,"2013-05-11 17:40",27,106,104,100,73,"1",28.2,2.66666666666667,220.533333333333,"Far",-1.31818181818183,1.54545454545453,0.655241726370495
"2013_R07_110_116",2013,"2013-05-11 19:40",37,110,116,119,82,"1",46.3333333333333,28,218.266666666667,"Far",0.909090909090907,1.13636363636365,0.739026598001403
"2013_R07_101_109",2013,"2013-05-12 13:10",135,101,109,187,52,"0",-63.6666666666667,24.3333333333333,193,"Far",-0.818181818181827,0.72727272727272,0.147268576372988
"2013_R07_103_115",2013,"2013-05-13 19:40",9,115,103,77,68,"1",14.2666666666667,10.2666666666667,211.933333333333,"Close",-1.40909090909092,0.590909090909093,0.451964827841003
"2013_R08_112_117",2013,"2013-05-17 18:40",2,117,112,90,88,"1",6.13333333333333,17.2666666666667,200.066666666667,"Far",1.18181818181819,1.45454545454547,0.548710994381413
"2013_R08_102_105",2013,"2013-05-18 13:45",10,102,105,96,86,"0",-2.06666666666667,-20.1333333333333,208.6,"Far",-0.727272727272734,0.545454545454561,0.669217630148595
"2013_R08_109_110",2013,"2013-05-18 14:10",83,110,109,140,57,"1",38,-61.8666666666667,216.733333333333,"Far",2.5,0.181818181818187,0.999380779018617
"2013_R08_108_118",2013,"2013-05-18 16:40",32,108,118,93,61,"1",-16.3333333333333,-46.4666666666667,200.933333333333,"Far",-0.681818181818187,-0.681818181818159,0.792830540995809
"2013_R08_106_116",2013,"2013-05-18 19:40",0,100,100,70,70,"0",22.4,27.4666666666667,203.6,"Close",1.22727272727272,-0.454545454545439,0.564307062502152
"2013_R08_104_107",2013,"2013-05-18 19:40",6,104,107,102,96,"1",2.4,20.7333333333333,220.466666666667,"Close",0.909090909090907,-1.5,0.473231929112327
"2013_R08_103_113",2013,"2013-05-19 13:10",18,103,113,109,91,"1",8.13333333333333,-5.2,208,"Far",0.590909090909093,0.22727272727272,0.717630302499922
"2013_R08_111_114",2013,"2013-05-19 15:20",34,114,111,106,72,"1",12.1333333333333,-42.2,215.266666666667,"Close",0.409090909090907,0,0.848069907177255
"2013_R08_101_115",2013,"2013-05-19 16:10",40,101,115,87,47,"1",29.4666666666667,10.1333333333333,217.6,"Far",0.454545454545453,-1.22727272727272,0.803984010115474
"2013_R09_104_116",2013,"2013-05-24 19:50",47,116,104,102,55,"0",0.733333333333333,18.9333333333333,219.466666666667,"Far",2.22727272727272,0.590909090909093,0.552736182581002
"2013_R09_107_113",2013,"2013-05-25 13:15",48,107,113,116,68,"0",-3.06666666666667,22.4,193.666666666667,"Far",-3.45454545454545,-1.18181818181819,0.380506954536297
"2013_R09_109_117",2013,"2013-05-25 14:10",100,117,109,155,55,"0",-59.4666666666667,9.73333333333333,195.466666666667,"Far",-1.72727272727272,-1,0.212958060345599
"2013_R09_115_118",2013,"2013-05-25 16:40",9,118,115,110,101,"0",6.6,-43.8,210.066666666667,"Close",-0.5,0.363636363636374,0.783439786157714
"2013_R09_102_103",2013,"2013-05-25 19:40",13,103,102,98,85,"0",-18.6,12.8666666666667,195.066666666667,"Far",-0.13636363636364,-0.636363636363626,0.441925632765918
"2013_R09_105_114",2013,"2013-05-25 19:45",29,105,114,91,62,"0",14.5333333333333,-6.06666666666667,215.4,"Close",-0.22727272727272,-1.45454545454544,0.681723403460202
"2013_R09_106_111",2013,"2013-05-26 14:40",90,106,111,130,40,"1",25.2,-42.2,218.8,"Far",0.363636363636374,0.818181818181813,0.946518319994793
"2013_R09_101_112",2013,"2013-05-26 15:20",1,101,112,125,124,"0",13.6,24.2,216.466666666667,"Far",0.0454545454545467,0.545454545454533,0.521620355002099
"2013_R10_102_104",2013,"2013-05-31 19:50",49,104,102,100,51,"0",-20.2,0.733333333333333,192,"Far",-0.36363636363636,3.13636363636363,0.364447559150748
"2013_R10_101_106",2013,"2013-06-01 13:40",7,106,101,66,59,"0",21,24.8666666666667,216.066666666667,"Close",-0.454545454545453,-1.68181818181816,0.529519003241294
"2013_R10_103_109",2013,"2013-06-01 13:45",94,103,109,148,54,"1",12.5333333333333,-59.8,207.533333333333,"Far",0.72727272727272,0.22727272727272,0.973388173313779
"2013_R10_105_116",2013,"2013-06-01 16:40",44,116,105,115,71,"1",20.1333333333333,0.333333333333333,203.6,"Far",1.13636363636363,-2.09090909090909,0.869202754977577
"2013_R10_113_118",2013,"2013-06-01 19:10",9,118,113,67,58,"1",-42,-8.13333333333333,191,"Far",2.18181818181819,0.636363636363654,0.46344271562117
"2013_R10_110_111",2013,"2013-06-02 15:20",95,110,111,143,48,"0",-46.3333333333333,37.3333333333333,177.8,"Close",-1.18181818181817,0.136363636363626,0.133477317666687
"2013_R10_112_115",2013,"2013-06-02 16:40",68,112,115,133,65,"1",13.2666666666667,7.93333333333333,215.466666666667,"Close",-0.590909090909093,-1.22727272727272,0.558312741326368
"2013_R10_114_117",2013,"2013-06-03 17:40",41,114,117,103,62,"0",19.6666666666667,12.8666666666667,201.666666666667,"Far",1.09090909090909,1.31818181818184,0.67186138566518
"2013_R11_103_105",2013,"2013-06-07 19:50",5,105,103,77,72,"1",3.66666666666667,18.5333333333333,215.333333333333,"Close",-0.772727272727266,1.27272727272728,0.342227644763543
"2013_R11_107_109",2013,"2013-06-08 13:40",59,107,109,157,98,"0",-58.0666666666667,22.8,194.266666666667,"Far",-3.27272727272727,-1.77272727272728,0.163213379477102
"2013_R11_101_116",2013,"2013-06-08 16:10",77,116,101,127,50,"0",22.3333333333333,18.2666666666667,218.2,"Close",-1.59090909090908,-0.045454545454561,0.465637348676879
"2013_R11_108_112",2013,"2013-06-08 19:40",15,108,112,66,51,"1",-14,14.2,201.666666666667,"Far",1.27272727272727,1.54545454545453,0.431612899407
"2013_R11_115_117",2013,"2013-06-09 16:40",4,117,115,84,80,"0",-1.66666666666667,10.4,204.933333333333,"Far",-2.13636363636364,-1.13636363636363,0.491415597336766
"2013_R11_104_111",2013,"2013-06-10 15:20",83,104,111,122,39,"0",-49.0666666666667,-4,178.8,"Close",-1.86363636363636,0.409090909090907,0.219942043585938
"2013_R12_103_110",2013,"2013-06-14 19:50",15,110,103,102,87,"0",19.6666666666667,37.4,211.466666666667,"Close",-2.22727272727272,-0.0454545454545325,0.333547658724935
"2013_R12_101_114",2013,"2013-06-15 13:40",38,114,101,110,72,"1",15.8666666666667,16.9333333333333,216.666666666667,"Far",1.31818181818183,1.40909090909091,0.603539375415189
"2013_R12_102_106",2013,"2013-06-15 14:40",40,106,102,86,46,"1",23.5333333333333,-16.9333333333333,222.4,"Close",0.5,0.0454545454545325,0.772650907199988
"2013_R12_109_113",2013,"2013-06-16 13:10",75,113,109,125,50,"0",-64.2666666666667,-6.93333333333333,193.2,"Far",-0.5,-0.636363636363626,0.279253277125978
"2013_R12_104_118",2013,"2013-06-16 16:40",34,104,118,99,65,"1",1.13333333333333,-36.3333333333333,218.266666666667,"Close",0.36363636363636,-1.90909090909091,0.811498511084963
"2013_R13_110_117",2013,"2013-06-21 19:50",20,110,117,123,103,"1",38.5333333333333,15,214.8,"Far",-0.27272727272728,-0.409090909090935,0.779274937882648
"2013_R13_113_116",2013,"2013-06-22 13:10",18,113,116,72,54,"1",0.333333333333333,21.9333333333333,197.533333333333,"Close",-2.40909090909092,1.27272727272728,0.278263582433548
"2013_R13_111_115",2013,"2013-06-22 16:40",35,115,111,104,69,"1",-1.53333333333333,-57.4,203.666666666667,"Close",-1.68181818181819,1.04545454545453,0.744912033905575
"2013_R13_114_118",2013,"2013-06-22 19:40",60,114,118,121,61,"0",-35,15.2,196.266666666667,"Close",-0.63636363636364,0.0909090909090935,0.230352165122384
"2013_R13_106_112",2013,"2013-06-23 13:20",38,106,112,67,29,"1",21.8666666666667,9.6,223.733333333333,"Far",0.545454545454547,0.77272727272728,0.674709467252277
"2013_R13_102_107",2013,"2013-06-23 16:40",5,102,107,103,98,"1",-16.4,26.6,195.8,"Far",-1,-0.409090909090907,0.343067796286178
"2013_R14_105_117",2013,"2013-06-27 18:10",7,105,117,98,91,"0",13.3333333333333,8.73333333333333,203.533333333333,"Far",1.68181818181819,0.909090909090907,0.692969161767503
"2013_R14_103_116",2013,"2013-06-28 19:50",22,116,103,65,43,"1",21.2666666666667,16.2666666666667,205.933333333333,"Far",1.95454545454545,-0.272727272727252,0.755618324342064
"2013_R14_101_108",2013,"2013-06-29 13:40",28,101,108,111,83,"0",-15.0666666666667,12.5333333333333,202.266666666667,"Far",0.545454545454547,1.09090909090909,0.421695771402466
"2013_R14_104_113",2013,"2013-06-29 16:10",35,113,104,86,51,"1",6.33333333333333,2.86666666666667,201.266666666667,"Far",-1.36363636363636,2.54545454545453,0.486738177783996
"2013_R14_106_107",2013,"2013-06-29 19:40",41,107,106,85,44,"1",26.6,26.2666666666667,205.6,"Far",2.90909090909092,1,0.72219891172376
"2013_R14_111_118",2013,"2013-06-29 19:40",3,111,118,103,100,"1",-58.0666666666667,-34.3333333333333,178.533333333333,"Close",-0.318181818181827,-0.77272727272728,0.384697662076396
"2013_R14_102_110",2013,"2013-06-30 13:10",58,110,102,143,85,"1",35.0666666666667,-13.6666666666667,213.333333333333,"Far",-0.409090909090907,-0.0909090909090935,0.891618493849148
"2013_R14_109_112",2013,"2013-06-30 15:20",86,112,109,130,44,"1",5.46666666666667,-67.2666666666667,215.6,"Far",1.68181818181817,0.181818181818187,0.980393839774279
"2013_R14_114_115",2013,"2013-06-30 16:40",64,114,115,119,55,"1",14.5333333333333,-0.866666666666667,215.066666666667,"Close",3.22727272727272,-1.09090909090909,0.781910983960639
"2013_R15_103_104",2013,"2013-07-05 19:50",41,104,103,118,77,"0",8.4,2.53333333333333,209.133333333333,"Close",-2.18181818181817,0.636363636363654,0.430505147048415
"2013_R15_109_118",2013,"2013-07-06 13:45",4,118,109,87,83,"0",-71.3333333333333,-29.0666666666667,194.8,"Close",-1.72727272727272,-0.272727272727252,0.226500310823521
"2013_R15_112_114",2013,"2013-07-06 14:10",62,112,114,128,66,"1",9.2,20.2666666666667,214.666666666667,"Close",-0.72727272727272,-0.0909090909090935,0.411603437115465
"2013_R15_101_117",2013,"2013-07-06 19:10",6,117,101,75,69,"0",15.0666666666667,9.66666666666667,218.866666666667,"Close",-0.954545454545453,-2.27272727272728,0.581284753735754
"2013_R15_107_110",2013,"2013-07-06 19:40",10,107,110,82,72,"1",26.5333333333333,34.6666666666667,208.866666666667,"Close",1.22727272727273,1.45454545454544,0.467371393195037
"2013_R15_111_116",2013,"2013-07-07 13:10",31,116,111,116,85,"0",-59.5333333333333,17.2666666666667,179.8,"Far",-1.18181818181819,0.363636363636346,0.185225597986148
"2013_R15_106_115",2013,"2013-07-07 13:20",30,106,115,100,70,"1",22.0666666666667,-2.33333333333333,224.533333333333,"Far",4.27272727272727,1,0.87877055559269
"2013_R15_105_113",2013,"2013-07-07 16:40",30,105,113,118,88,"1",15.6,11.8666666666667,223.466666666667,"Far",0,0.181818181818187,0.615929827466486
"2013_R16_101_104",2013,"2013-07-12 19:50",27,104,101,111,84,"1",8.53333333333333,10.0666666666667,219.8,"Far",2.59090909090909,0.818181818181813,0.670797095278924
"2013_R16_110_113",2013,"2013-07-13 13:15",45,110,113,124,79,"0",10.6,33.5333333333333,203.6,"Far",-0.909090909090907,1.22727272727272,0.402139483765122
"2013_R16_107_111",2013,"2013-07-13 14:10",68,107,111,98,30,"1",24.9333333333333,-57,208.933333333333,"Close",2.72727272727272,1.31818181818181,0.974193419046608
"2013_R16_102_112",2013,"2013-07-13 19:40",12,102,112,117,105,"1",-16.7333333333333,16.8666666666667,197.333333333333,"Far",1.22727272727272,0.181818181818187,0.45206942683141
"2013_R16_103_115",2013,"2013-07-13 19:40",36,103,115,110,74,"1",6.46666666666667,-12.8666666666667,207.8,"Close",1.13636363636364,-0.454545454545467,0.698014145182548
"2013_R16_109_116",2013,"2013-07-14 13:10",129,116,109,171,42,"1",19.8,-63.0666666666667,206.066666666667,"Far",3.18181818181819,-1.22727272727272,0.999095964614036
"2013_R16_106_117",2013,"2013-07-14 14:40",28,106,117,121,93,"0",6.8,20.5333333333333,206.6,"Close",-0.227272727272734,0.77272727272728,0.394668834433091
"2013_R16_105_118",2013,"2013-07-14 15:20",31,105,118,121,90,"0",-26.5333333333333,20.6,196.733333333333,"Close",0.181818181818173,-1.63636363636363,0.312258929137406
"2013_R17_103_112",2013,"2013-07-19 19:50",1,103,112,109,108,"0",14.2,9.86666666666667,215.466666666667,"Close",0.227272727272734,0.045454545454561,0.537497700762772
"2013_R17_110_118",2013,"2013-07-20 13:45",19,110,118,95,76,"1",34.8666666666667,-24.1333333333333,213.933333333333,"Close",0.727272727272734,-0.409090909090907,0.903330719752412
"2013_R17_105_109",2013,"2013-07-20 14:10",39,105,109,116,77,"0",-69.8,24.8,193.266666666667,"Far",0,0.136363636363626,0.152156138130743
"2013_R17_104_108",2013,"2013-07-20 16:40",7,108,104,85,78,"1",-10.2,8.2,204.933333333333,"Far",-2.86363636363637,-0.636363636363654,0.403259135914278
"2013_R17_102_111",2013,"2013-07-20 19:10",19,102,111,94,75,"0",-57.4666666666667,-20.4,182.666666666667,"Far",-0.86363636363636,-0.0454545454545325,0.356844603637304
"2013_R17_113_115",2013,"2013-07-20 19:40",5,113,115,97,92,"0",-16.2666666666667,7.6,200.2,"Far",-0.181818181818173,-0.409090909090907,0.470464888378327
"2013_R17_106_114",2013,"2013-07-21 13:10",27,114,106,84,57,"1",13.7333333333333,18.3333333333333,217.333333333333,"Far",0.0909090909090935,-0.954545454545467,0.620287034817109
"2013_R17_116_117",2013,"2013-07-21 14:40",34,116,117,113,79,"0",6.6,30.6666666666667,205.933333333333,"Close",-0.818181818181827,1.04545454545453,0.316068062583782
"2013_R17_101_107",2013,"2013-07-21 14:50",2,101,107,94,92,"1",2.2,27.2,218.333333333333,"Far",-3.63636363636363,-2.90909090909091,0.408127321844614
"2013_R18_105_110",2013,"2013-07-26 19:50",56,110,105,143,87,"0",25.0666666666667,36.6,230.333333333333,"Close",-2.13636363636364,0.545454545454533,0.330918577144203
"2013_R18_103_108",2013,"2013-07-27 13:45",43,103,108,120,77,"0",-10.6,10.2666666666667,205.466666666667,"Far",-0.13636363636364,0.636363636363654,0.44810176561938
"2013_R18_111_112",2013,"2013-07-27 14:10",122,112,111,150,28,"0",-53.4666666666667,15.2,184.066666666667,"Close",0.909090909090921,0.0909090909090935,0.206361148248342
"2013_R18_104_109",2013,"2013-07-27 16:40",40,104,109,106,66,"1",6.66666666666667,-70.4,219.066666666667,"Far",3.36363636363636,0.318181818181813,0.993614830023028
"2013_R18_101_106",2013,"2013-07-27 17:40",22,106,101,75,53,"1",14.6666666666667,4.66666666666667,219.933333333333,"Close",1.18181818181819,1.27272727272728,0.559375474425005
"2013_R18_107_115",2013,"2013-07-27 19:40",101,107,115,137,36,"1",26.6,-15.7333333333333,207.4,"Close",3.40909090909091,2.27272727272728,0.836342702484175
"2013_R18_102_113",2013,"2013-07-28 12:40",9,113,102,71,62,"1",2.66666666666667,-14.6,199.866666666667,"Far",-1.95454545454545,0.72727272727272,0.618634105417763
"2013_R18_117_118",2013,"2013-07-28 15:20",22,118,117,111,89,"1",-29.9333333333333,6.2,193.666666666667,"Far",-0.13636363636364,-0.136363636363654,0.393623821216023
"2013_R18_114_116",2013,"2013-07-28 16:40",47,116,114,110,63,"1",30.9333333333333,15.2,209.133333333333,"Far",1.27272727272728,0.227272727272748,0.77477819433121
"2013_R19_107_112",2013,"2013-08-02 19:50",10,112,107,96,86,"1",23.6,33.0666666666667,216.933333333333,"Close",-3.09090909090909,-1.5,0.386999188699054
"2013_R19_109_111",2013,"2013-08-03 13:45",37,109,111,124,87,"1",-69.3333333333333,-51.7333333333333,193.6,"Far",-0.77272727272728,-0.409090909090907,0.45657309058343
"2013_R19_110_114",2013,"2013-08-03 14:10",41,114,110,107,66,"0",37,10.9333333333333,216.4,"Close",-0.454545454545467,-1.22727272727272,0.711920002998236
"2013_R19_103_106",2013,"2013-08-03 19:40",36,106,103,116,80,"0",14.2666666666667,14.2666666666667,212.266666666667,"Far",-0.77272727272728,-0.409090909090935,0.597160725735211
"2013_R19_102_115",2013,"2013-08-03 19:40",31,102,115,108,77,"1",-13.9333333333333,-21.3333333333333,199.733333333333,"Far",2.36363636363637,0.818181818181841,0.729275414539425
"2013_R19_116_118",2013,"2013-08-04 13:10",35,116,118,134,99,"0",-26.6,31.3333333333333,195.066666666667,"Far",-1.59090909090909,0.636363636363626,0.232225284011033
"2013_R19_101_113",2013,"2013-08-04 14:50",4,113,101,107,103,"0",1.93333333333333,-0.466666666666667,221,"Close",0.36363636363636,-1.63636363636363,0.581725637600084
"2013_R19_104_105",2013,"2013-08-04 16:40",79,104,105,133,54,"1",8.2,11.4666666666667,218.4,"Close",3.5,0.136363636363626,0.620059689730659
"2013_R20_110_115",2013,"2013-08-09 19:50",46,110,115,102,56,"0",-28.2,30.6,194.6,"Close",-2.68181818181819,-0.590909090909093,0.176350789191297
"2013_R20_102_114",2013,"2013-08-10 13:45",23,114,102,97,74,"1",9.2,-12,217.666666666667,"Far",0.181818181818187,0.27272727272728,0.734289494918422
"2013_R20_107_113",2013,"2013-08-10 14:10",25,107,113,129,104,"1",31.3333333333333,-0.8,208.866666666667,"Far",2.68181818181819,0.0909090909090935,0.908227975531682
"2013_R20_103_118",2013,"2013-08-10 16:40",28,118,103,117,89,"0",12.9333333333333,-24.4666666666667,212.466666666667,"Close",-2.09090909090909,-1.13636363636365,0.696884676119318
"2013_R20_108_111",2013,"2013-08-10 19:40",13,108,111,90,77,"1",-11.7333333333333,-47.9333333333333,201.733333333333,"Far",1.31818181818181,1.36363636363637,0.832175608556031
"2013_R20_104_116",2013,"2013-08-10 19:40",29,104,116,100,71,"0",31.0666666666667,17.1333333333333,208.266666666667,"Close",-1.22727272727273,-0.772727272727252,0.589800571274668
"2013_R20_105_117",2013,"2013-08-11 13:10",53,117,105,120,67,"0",5.93333333333333,2.93333333333333,223.466666666667,"Far",-0.909090909090907,-0.227272727272748,0.580806454147927
"2013_R20_106_109",2013,"2013-08-11 14:40",113,106,109,157,44,"1",16.9333333333333,-62.0666666666667,219.4,"Far",1.77272727272728,0.363636363636374,0.987466053632369
"2013_R20_101_112",2013,"2013-08-11 14:50",9,101,112,79,70,"1",2.26666666666667,26.8666666666667,222.066666666667,"Far",-0.13636363636364,-0.954545454545467,0.471854388600702
"2013_R21_104_110",2013,"2013-08-16 19:50",35,110,104,119,84,"1",30.8666666666667,16.8,215.8,"Close",-1.63636363636364,-0.22727272727272,0.540223296793447
"2013_R21_103_114",2013,"2013-08-17 13:45",10,103,114,106,96,"0",13,9.46666666666667,221.933333333333,"Close",2.13636363636364,1.5,0.54706150626271
"2013_R21_105_112",2013,"2013-08-17 16:40",45,112,105,115,70,"0",-0.0666666666666667,22.0666666666667,221.666666666667,"Close",-0.590909090909093,0.136363636363654,0.339133852035653
"2013_R21_107_117",2013,"2013-08-17 17:40",66,107,117,107,41,"0",8.06666666666667,31.6,211.866666666667,"Far",-0.590909090909093,0.181818181818187,0.435513793896584
"2013_R21_102_109",2013,"2013-08-17 19:40",60,102,109,123,63,"1",-9.33333333333333,-66.8666666666667,198.4,"Far",0.727272727272734,-0.909090909090907,0.957314432855643
"2013_R21_106_111",2013,"2013-08-18 13:10",95,106,111,133,38,"0",-51.5333333333333,27.2666666666667,184.4,"Far",-1.81818181818181,-0.681818181818187,0.185600759630896
"2013_R21_115_116",2013,"2013-08-18 15:20",59,116,115,118,59,"1",30.5333333333333,-28.8,206.866666666667,"Far",3.5,1.22727272727272,0.976572167614411
"2013_R21_101_118",2013,"2013-08-18 16:40",17,118,101,131,114,"1",-19.1333333333333,-0.6,198.333333333333,"Far",2,2.18181818181819,0.494302426985887
"2013_R22_104_117",2013,"2013-08-23 19:50",62,104,117,101,39,"1",17.5333333333333,4,218.6,"Far",1.90909090909091,-1.31818181818181,0.821568439624632
"2013_R22_101_111",2013,"2013-08-24 13:15",68,101,111,120,52,"1",0.4,-56,220.066666666667,"Far",-1.81818181818183,-1.40909090909093,0.895100291218851
"2013_R22_110_112",2013,"2013-08-24 14:10",14,110,112,117,103,"0",25.2666666666667,33,214.4,"Close",-1.45454545454545,-0.318181818181813,0.420658557852598
"2013_R22_107_116",2013,"2013-08-24 16:40",44,107,116,92,48,"1",34.6,33.4,210.666666666667,"Far",0.181818181818173,0.909090909090907,0.610543876923058
"2013_R22_106_113",2013,"2013-08-24 17:40",74,106,113,134,60,"1",33.5333333333333,-4.2,223.466666666667,"Close",1.86363636363636,-0.0909090909090651,0.820160766155041
"2013_R22_103_105",2013,"2013-08-24 19:40",6,105,103,82,76,"0",8,-6.13333333333333,211.733333333333,"Close",0.454545454545453,-0.909090909090907,0.648918490626229
"2013_R22_109_114",2013,"2013-08-25 15:20",121,114,109,163,42,"0",-67.9333333333333,12.4,193.2,"Far",-1.5,0.272727272727252,0.160336092029036
"2013_R22_102_118",2013,"2013-08-25 16:40",7,102,118,100,93,"1",-7.2,-16.6,198.133333333333,"Far",-0.318181818181827,-0.590909090909093,0.689179576223733
"2013_R23_110_116",2013,"2013-08-30 19:50",12,110,116,112,100,"0",26.4666666666667,33.2,206.133333333333,"Close",-0.0454545454545467,-0.409090909090907,0.49741111073248
"2013_R23_106_115",2013,"2013-08-31 13:45",71,115,106,112,41,"1",-26.8666666666667,35.4666666666667,200.933333333333,"Far",-0.681818181818187,-2.18181818181819,0.305187887710932
"2013_R23_102_107",2013,"2013-08-31 14:10",1,107,102,112,111,"1",34.6,-2.73333333333333,210.666666666667,"Far",1.72727272727272,0.909090909090907,0.881016120919079
"2013_R23_103_113",2013,"2013-08-31 16:10",1,103,113,104,103,"0",-8.46666666666667,3.53333333333333,196.866666666667,"Far",-1.09090909090909,1.54545454545453,0.440647382554428
"2013_R23_101_117",2013,"2013-08-31 18:10",86,101,117,129,43,"0",-4.8,5.66666666666667,205.733333333333,"Close",3,3.40909090909093,0.436440217384211
"2013_R23_105_114",2013,"2013-08-31 19:40",39,114,105,104,65,"0",-8.33333333333333,23.4,219.8,"Close",-2.36363636363636,-0.636363636363626,0.263437572491916
"2013_R23_108_109",2013,"2013-09-01 13:10",83,108,109,146,63,"1",-12.4666666666667,-73.4,194.866666666667,"Far",-0.272727272727266,-1.59090909090909,0.960219138990109
"2013_R23_104_112",2013,"2013-09-01 15:20",11,112,104,125,114,"0",19.9333333333333,23.6666666666667,219.133333333333,"Close",3.04545454545455,0.22727272727272,0.60086662300021
"2013_R23_111_118",2013,"2013-09-01 16:40",20,118,111,107,87,"1",-12.4,-56.4666666666667,196.733333333333,"Close",0.954545454545453,0.636363636363626,0.79937193689972
"2014_R01_104_106",2014,"2014-03-14 19:50",70,106,104,116,46,"0",21,28.9333333333333,216.266666666667,"Far",1.68181818181819,0.772727272727252,0.60584777799887
"2014_R01_109_116",2014,"2014-03-15 16:40",32,109,116,99,67,"1",-69.9333333333333,28.1333333333333,191.333333333333,"Far",-0.181818181818187,-0.0909090909090935,0.145342461174353
"2014_R01_108_114",2014,"2014-03-15 18:55",18,108,114,87,69,"1",-10.9333333333333,23.2666666666667,193.466666666667,"Far",-2.04545454545455,-0.681818181818187,0.36502100791116
"2014_R01_103_113",2014,"2014-03-16 19:40",33,113,103,120,87,"0",4.2,-5.8,211.4,"Far",2.22727272727273,0.0909090909090935,0.763895613829347
"2014_R01_101_107",2014,"2014-03-20 19:10",38,107,101,119,81,"1",32.8,2.4,210.8,"Far",3.68181818181819,3.59090909090909,0.829070660775494
"2014_R01_105_112",2014,"2014-03-21 19:50",39,105,112,99,60,"0",20.8,-9.06666666666667,215.6,"Close",0.772727272727266,-1,0.767608738237546
"2014_R01_102_110",2014,"2014-03-22 16:40",48,110,102,139,91,"1",31.5333333333333,-1.06666666666667,212.866666666667,"Far",-1.13636363636364,-0.863636363636374,0.811067615054842
"2014_R01_111_115",2014,"2014-03-22 19:40",17,115,111,68,51,"1",-22.7333333333333,-53.8,204.333333333333,"Close",-0.818181818181827,0.0909090909090935,0.64862356860454
"2014_R01_117_118",2014,"2014-03-23 16:40",65,117,118,134,69,"1",-12.2666666666667,-7.46666666666667,205.266666666667,"Far",1.09090909090909,1.68181818181819,0.554888231222417
"2014_R02_103_114",2014,"2014-03-27 19:45",12,114,103,98,86,"1",19.8,0.8,222.2,"Close",1.40909090909091,0.772727272727252,0.647377694168736
"2014_R02_105_110",2014,"2014-03-28 19:50",4,110,105,90,86,"0",-5.8,29.2,222.466666666667,"Close",-1.13636363636364,0.636363636363654,0.251154719219814
"2014_R02_109_115",2014,"2014-03-29 13:40",7,115,109,95,88,"1",-18.9333333333333,-62.2666666666667,205.8,"Far",-1.36363636363636,0.590909090909065,0.787226723541619
"2014_R02_101_113",2014,"2014-03-29 16:15",54,113,101,127,73,"1",-2.4,-2.8,203.266666666667,"Close",0,2.18181818181819,0.429699480553503
"2014_R02_104_116",2014,"2014-03-29 19:40",20,104,116,89,69,"0",26,15.9333333333333,204.733333333333,"Close",-1.77272727272727,-1.18181818181819,0.559351914384247
"2014_R02_102_107",2014,"2014-03-30 12:10",25,107,102,93,68,"0",-4.93333333333333,35.7333333333333,195.066666666667,"Far",-2.09090909090909,-1.40909090909091,0.355894798119857
"2014_R02_111_117",2014,"2014-03-30 15:20",93,117,111,123,30,"0",-52.6666666666667,-8.06666666666667,186.866666666667,"Far",-2.40909090909091,-1.22727272727272,0.305068552917467
"2014_R02_112_118",2014,"2014-03-30 16:40",29,112,118,83,54,"0",-9.66666666666667,18.3333333333333,199.133333333333,"Close",0.5,0.409090909090907,0.358111118881747
"2014_R03_106_110",2014,"2014-04-04 19:50",58,110,106,137,79,"1",27.7333333333333,30.8,212.533333333333,"Far",0.13636363636364,0.454545454545467,0.592056259910076
"2014_R03_101_116",2014,"2014-04-05 13:40",63,116,101,134,71,"0",-6.46666666666667,21.5333333333333,214.2,"Far",-1.31818181818183,-1.95454545454547,0.446258489712973
"2014_R03_114_118",2014,"2014-04-05 13:45",2,118,114,100,98,"1",-12.2,22.5333333333333,198.4,"Close",-0.318181818181827,-0.409090909090935,0.323230264332207
"2014_R03_102_108",2014,"2014-04-05 15:40",53,108,102,114,61,"1",-13.3333333333333,-5.73333333333333,191.8,"Far",-1.5,-0.22727272727272,0.5199356390787
"2014_R03_115_117",2014,"2014-04-05 16:40",25,117,115,83,58,"1",-8.53333333333333,-17.8666666666667,205,"Far",3.54545454545455,2.5,0.722074968406347
"2014_R03_104_107",2014,"2014-04-05 19:40",11,107,104,87,76,"0",20.4,34.2,216,"Close",-0.409090909090907,-1.54545454545453,0.466163227710496
"2014_R03_109_111",2014,"2014-04-06 13:10",32,109,111,79,47,"1",-56.0666666666667,-52.8666666666667,194.466666666667,"Far",1.22727272727273,-0.045454545454561,0.624363789970219
"2014_R03_112_113",2014,"2014-04-06 16:10",7,112,113,97,90,"1",20.3333333333333,4.4,212.6,"Far",0.13636363636364,-1,0.763967521290256
"2014_R03_103_105",2014,"2014-04-06 19:10",81,105,103,138,57,"1",-8,-0.866666666666667,223.466666666667,"Close",-1.68181818181817,0.27272727272728,0.365029914467187
"2014_R04_104_114",2014,"2014-04-11 19:50",38,104,114,110,72,"0",19.6666666666667,16.4,220.533333333333,"Close",-2.09090909090909,-1.09090909090909,0.474778878712865
"2014_R04_102_113",2014,"2014-04-12 13:40",113,113,102,159,46,"1",4.53333333333333,-6,205.266666666667,"Far",-1.45454545454545,0,0.620763540759159
"2014_R04_103_111",2014,"2014-04-12 13:45",23,111,103,81,58,"0",-12.5333333333333,-48.6666666666667,204.933333333333,"Close",-0.0909090909090793,0.545454545454533,0.700869029920909
"2014_R04_109_118",2014,"2014-04-12 16:40",27,118,109,110,83,"0",-47.6666666666667,-12.6666666666667,195.6,"Close",-1.59090909090909,-1.13636363636363,0.288636109369091
"2014_R04_107_117",2014,"2014-04-12 19:40",75,107,117,107,32,"1",31.4666666666667,-4.13333333333333,209.333333333333,"Far",1.13636363636364,-0.0909090909090935,0.883141862849467
"2014_R04_108_110",2014,"2014-04-12 19:40",99,110,108,148,49,"0",-6.33333333333333,25.2666666666667,192.866666666667,"Far",0.318181818181813,1.59090909090909,0.391385843874237
"2014_R04_112_116",2014,"2014-04-13 13:10",43,112,116,91,48,"0",22.8,16.2666666666667,201.8,"Far",1.54545454545455,1.09090909090909,0.701217716505432
"2014_R04_105_106",2014,"2014-04-13 14:40",53,106,105,113,60,"1",26.4666666666667,0.333333333333333,212.066666666667,"Far",3.31818181818181,1.27272727272728,0.863751861300327
"2014_R04_101_115",2014,"2014-04-13 15:20",86,101,115,136,50,"0",-15,-10.2,209.333333333333,"Far",-1.09090909090909,1.54545454545456,0.461519643362704
"2014_R05_102_114",2014,"2014-04-17 19:50",43,114,102,106,63,"0",-10.8666666666667,14.6,195.666666666667,"Far",-1,0.27272727272728,0.414219634698986
"2014_R05_104_112",2014,"2014-04-19 13:40",35,104,112,93,58,"1",13.4,20.1333333333333,213.466666666667,"Close",3.72727272727272,2.22727272727275,0.534889103416255
"2014_R05_106_116",2014,"2014-04-19 16:40",17,116,106,92,75,"1",14.8,27.3333333333333,201.8,"Close",-1.81818181818183,-1.77272727272725,0.440596060087998
"2014_R05_113_117",2014,"2014-04-19 17:40",14,113,117,70,56,"0",-9.4,7.06666666666667,203.266666666667,"Close",1.72727272727272,0.818181818181813,0.44610544003304
"2014_R05_105_115",2014,"2014-04-19 19:40",16,115,105,81,65,"0",-3.53333333333333,-20.4666666666667,225.666666666667,"Close",0.636363636363626,1.27272727272728,0.55810371802351
"2014_R05_101_109",2014,"2014-04-20 12:40",65,101,109,137,72,"1",0.666666666666667,-45.5333333333333,215.866666666667,"Far",-1,-1.59090909090909,0.884865103065116
"2014_R05_103_118",2014,"2014-04-20 16:40",28,103,118,119,91,"0",-8.6,-13.7333333333333,197.4,"Close",0.363636363636374,-0.045454545454561,0.561133612548234
"2014_R05_107_110",2014,"2014-04-21 15:20",19,107,110,106,87,"1",32.5333333333333,30.8666666666667,214.6,"Close",2.18181818181817,2.86363636363635,0.508061182418444
"2014_R06_104_105",2014,"2014-04-25 14:40",23,104,105,83,60,"1",13.4666666666667,-7.46666666666667,216,"Close",6.22727272727272,1.77272727272728,0.824723753231401
"2014_R06_106_112",2014,"2014-04-25 18:45",13,112,106,74,61,"0",23.6666666666667,20.3333333333333,210.466666666667,"Far",0.909090909090921,1.27272727272728,0.633805033973596
"2014_R06_102_115",2014,"2014-04-25 19:45",3,102,115,82,79,"0",-21.7333333333333,-14.0666666666667,209.333333333333,"Far",-2.09090909090909,-0.454545454545439,0.474190838224523
"2014_R06_108_109",2014,"2014-04-26 13:40",40,108,109,134,94,"1",-10.5333333333333,-44.8666666666667,192.466666666667,"Far",-1.27272727272728,-0.5,0.801496076293052
"2014_R06_103_117",2014,"2014-04-26 16:40",3,103,117,92,89,"1",-10.8666666666667,-9,203.666666666667,"Far",-2.04545454545455,-1.04545454545453,0.549510650414911
"2014_R06_111_116",2014,"2014-04-26 19:40",31,116,111,69,38,"0",-39.8,17.1333333333333,190.933333333333,"Far",-1.04545454545455,-0.136363636363654,0.266232926578151
"2014_R06_101_118",2014,"2014-04-27 13:10",9,101,118,92,83,"0",-6.46666666666667,7.53333333333333,195.533333333333,"Far",2.31818181818183,2.5,0.535721798534824
"2014_R06_110_114",2014,"2014-04-27 15:20",66,110,114,118,52,"0",13.4666666666667,28.2666666666667,219.266666666667,"Close",0.5,0.590909090909093,0.410809878371618
"2014_R06_107_113",2014,"2014-04-27 16:10",40,113,107,107,67,"1",6.8,34.1333333333333,206.666666666667,"Far",-2.45454545454545,-1.40909090909091,0.405142402694409
"2014_R07_103_104",2014,"2014-05-02 19:50",34,104,103,104,70,"0",-9.2,17.3333333333333,204.133333333333,"Close",-1.54545454545455,0.5,0.292280700881337
"2014_R07_110_115",2014,"2014-05-03 13:45",145,110,115,175,30,"1",28.8,-17.6666666666667,223.266666666667,"Close",2.18181818181817,0.681818181818159,0.848742354390767
"2014_R07_109_113",2014,"2014-05-03 14:10",35,113,109,132,97,"0",-41.8,7.13333333333333,192.266666666667,"Far",-0.590909090909093,-1.22727272727272,0.342965542131129
"2014_R07_101_111",2014,"2014-05-03 16:10",3,111,101,70,67,"0",6.26666666666667,-42.0666666666667,214.933333333333,"Far",-0.27272727272728,-0.863636363636346,0.899001286693053
"2014_R07_105_118",2014,"2014-05-03 19:40",8,105,118,73,65,"1",-9.46666666666667,-6.86666666666667,223.333333333333,"Close",-2.18181818181819,-0.5,0.395216650317141
"2014_R07_102_116",2014,"2014-05-03 19:40",79,116,102,123,44,"0",-10,17.7333333333333,194.8,"Far",-0.86363636363636,0.545454545454561,0.399323286849448
"2014_R07_106_117",2014,"2014-05-04 14:40",19,106,117,73,54,"0",-8.73333333333333,25.5333333333333,200.533333333333,"Close",1.86363636363636,1.77272727272728,0.330530913669047
"2014_R07_107_114",2014,"2014-05-04 15:20",5,107,114,81,76,"1",28.7333333333333,4.8,210.4,"Close",0.5,1.22727272727272,0.643886046343774
"2014_R08_110_116",2014,"2014-05-09 19:50",19,116,110,107,88,"1",20.9333333333333,39.1333333333333,204.666666666667,"Close",0.818181818181813,0.181818181818187,0.441505887640748
"2014_R08_106_113",2014,"2014-05-10 13:10",18,113,106,94,76,"1",11.4666666666667,24.8,206.266666666667,"Close",-2.54545454545455,-0.181818181818187,0.34936596445705
"2014_R08_102_105",2014,"2014-05-10 16:40",8,105,102,65,57,"0",-17.4666666666667,-10.9333333333333,191.666666666667,"Far",2.5,-0.27272727272728,0.700344328744668
"2014_R08_111_118",2014,"2014-05-10 19:40",16,118,111,99,83,"0",-39.8,-7.66666666666667,189.533333333333,"Close",-0.818181818181813,-0.409090909090907,0.314100761970946
"2014_R08_109_117",2014,"2014-05-11 14:40",111,117,109,188,77,"1",-10.4,-43.8666666666667,197.066666666667,"Far",2,1.13636363636365,0.855457422284411
"2014_R08_103_115",2014,"2014-05-12 19:20",32,103,115,101,69,"0",-25.3333333333333,-8.73333333333333,210.2,"Close",-0.818181818181827,-0.22727272727272,0.368430348041627
"2014_R09_101_104",2014,"2014-05-15 19:20",21,101,104,76,55,"1",6.46666666666667,16.8666666666667,213.466666666667,"Far",-4.18181818181817,-3.77272727272725,0.511395286424089
"2014_R09_105_116",2014,"2014-05-16 19:50",50,116,105,114,64,"0",-12.4666666666667,13.6,220.333333333333,"Far",-1.04545454545455,1.81818181818181,0.330710363711865
"2014_R09_111_114",2014,"2014-05-17 13:40",17,111,114,91,74,"0",8.6,-36.3333333333333,219.533333333333,"Close",0.727272727272734,0.27272727272728,0.793010656195929
"2014_R09_102_112",2014,"2014-05-17 16:40",87,112,102,125,38,"1",8.46666666666667,-18.8,213.266666666667,"Far",-0.318181818181813,-1.04545454545456,0.80411029980905
"2014_R09_106_107",2014,"2014-05-17 17:40",32,106,107,96,64,"1",21.7333333333333,28.4,212,"Far",-1.40909090909091,-1.59090909090909,0.580403510062582
"2014_R10_107_112",2014,"2014-05-23 19:50",20,107,112,111,91,"1",21.7333333333333,15.0666666666667,208.933333333333,"Close",1.40909090909091,1.90909090909093,0.543599571254476
"2014_R10_109_114",2014,"2014-05-24 13:40",113,114,109,154,41,"0",-42.6666666666667,6.86666666666667,194.266666666667,"Far",-2.18181818181819,-1.54545454545453,0.296932068784598
"2014_R10_104_117",2014,"2014-05-24 16:40",8,104,117,109,101,"1",13.6666666666667,-1.13333333333333,212.666666666667,"Far",2.68181818181819,0.909090909090907,0.784557935935174
"2014_R10_110_113",2014,"2014-05-24 19:10",14,113,110,100,86,"1",15.6666666666667,34.8666666666667,208.266666666667,"Far",-1.13636363636364,0,0.454877741350431
"2014_R10_108_118",2014,"2014-05-25 15:20",45,108,118,119,74,"1",2.2,-4.53333333333333,196.333333333333,"Far",-2.45454545454545,-0.22727272727272,0.572943015266112
"2014_R10_101_103",2014,"2014-05-25 16:40",5,103,101,81,76,"1",-9,9.66666666666667,205.533333333333,"Far",0.5,1.95454545454544,0.438933608640699
"2014_R11_107_116",2014,"2014-05-29 19:10",110,116,107,148,38,"1",14.6666666666667,23.2,203.333333333333,"Far",-0.63636363636364,-1.72727272727272,0.615292868124425
"2014_R11_104_115",2014,"2014-05-30 19:50",86,104,115,140,54,"0",-27.2666666666667,14.6666666666667,209.866666666667,"Close",-4.95454545454545,-1.54545454545453,0.18754587832941
"2014_R11_111_113",2014,"2014-05-31 13:10",20,113,111,95,75,"0",-33.9333333333333,16.2666666666667,192.133333333333,"Far",1.40909090909091,1,0.339674144890895
"2014_R11_102_103",2014,"2014-05-31 16:40",7,102,103,98,91,"1",-25.8666666666667,-8.73333333333333,190.333333333333,"Far",-0.0454545454545467,-1.09090909090909,0.550196108613232
"2014_R11_105_114",2014,"2014-05-31 19:45",50,105,114,104,54,"1",-18.4,12.6,222.733333333333,"Close",-2,-0.0909090909090935,0.25556168777578
"2014_R11_106_118",2014,"2014-06-01 15:20",38,106,118,89,51,"0",-6.26666666666667,25.6666666666667,194.933333333333,"Far",-1,-0.590909090909093,0.412644749209298
"2014_R11_109_110",2014,"2014-06-01 16:40",7,110,109,94,87,"1",32.6666666666667,-47.6,225.733333333333,"Far",-0.818181818181813,-0.454545454545467,0.973056350936541
"2014_R11_112_117",2014,"2014-06-01 17:40",38,112,117,82,44,"0",0.6,13.8,202.066666666667,"Far",1.54545454545453,2,0.523260172188878
"2014_R12_103_107",2014,"2014-06-06 19:50",5,107,103,107,102,"1",9.13333333333333,-12.0666666666667,207.533333333333,"Close",0.954545454545453,0.77272727272728,0.654724506423895
"2014_R12_110_117",2014,"2014-06-07 13:40",44,110,117,123,79,"1",29.4,-0.466666666666667,223.533333333333,"Far",-1.22727272727273,-1.04545454545456,0.783775173896295
"2014_R12_113_115",2014,"2014-06-07 16:10",70,113,115,129,59,"1",17,-26.2666666666667,209.066666666667,"Far",0.86363636363636,-0.5,0.910723278216037
"2014_R12_105_109",2014,"2014-06-07 19:40",15,105,109,81,66,"0",-45.4,-11.3333333333333,193.533333333333,"Far",0.772727272727266,-0.0454545454545325,0.426228618483009
"2014_R12_102_118",2014,"2014-06-07 19:40",8,102,118,95,87,"0",-10.2666666666667,-24.8,193.466666666667,"Far",0.363636363636374,0.954545454545467,0.693728899911187
"2014_R12_101_106",2014,"2014-06-08 14:10",40,106,101,90,50,"1",26.7333333333333,12.8,211.666666666667,"Close",0.86363636363636,1.72727272727272,0.572567081624831
"2014_R12_108_116",2014,"2014-06-08 15:20",35,116,108,109,74,"0",5.46666666666667,18.8666666666667,196.533333333333,"Close",-0.136363636363626,1.36363636363635,0.391097938219769
"2014_R12_112_114",2014,"2014-06-08 19:10",28,112,114,116,88,"1",8.2,12.4,212.733333333333,"Close",-0.86363636363636,-0.77272727272728,0.47140529723376
"2014_R12_104_111",2014,"2014-06-09 15:20",33,104,111,61,28,"0",-27.1333333333333,17.7333333333333,196.866666666667,"Close",-1.13636363636364,-0.22727272727272,0.247219436715873
"2014_R13_103_110",2014,"2014-06-13 19:50",28,110,103,118,90,"0",-10,35.0666666666667,206,"Close",0.909090909090907,1.09090909090909,0.268141858030808
"2014_R13_106_114",2014,"2014-06-14 13:45",20,106,114,105,85,"0",7.8,27,211.866666666667,"Far",-0.545454545454547,-0.22727272727272,0.477081790786678
"2014_R13_113_116",2014,"2014-06-14 14:10",4,116,113,98,94,"1",18.8666666666667,21.4,206.666666666667,"Far",1.40909090909091,-0.272727272727252,0.682973930048451
"2014_R13_101_112",2014,"2014-06-14 19:10",36,101,112,109,73,"1",10.4,9.4,209,"Far",0.36363636363636,-0.909090909090907,0.675799695484655
"2014_R13_102_109",2014,"2014-06-14 19:40",45,109,102,125,80,"0",-26.3333333333333,-48.8666666666667,188.333333333333,"Far",-1.18181818181817,-0.454545454545439,0.728715320705109
"2014_R13_107_115",2014,"2014-06-15 13:10",96,107,115,133,37,"1",10.1333333333333,-28.8666666666667,207.266666666667,"Close",2.59090909090909,1.40909090909091,0.807807718251548
"2014_R13_104_118",2014,"2014-06-15 15:20",8,118,104,106,98,"0",14.6666666666667,-8.46666666666667,209.266666666667,"Close",1.95454545454545,0.818181818181813,0.710343227811116
"2014_R13_105_111",2014,"2014-06-15 16:40",1,111,105,78,77,"0",-5.06666666666667,-26.8666666666667,227.933333333333,"Close",-1.90909090909092,0.409090909090935,0.509271520865733
"2014_R14_114_116",2014,"2014-06-20 19:50",11,116,114,62,51,"0",4.93333333333333,21.0666666666667,208.8,"Far",0.636363636363626,0.045454545454561,0.536777223922748
"2014_R14_113_118",2014,"2014-06-21 13:15",72,113,118,128,56,"1",22.8,-9.8,213.666666666667,"Far",-1.68181818181819,-0.590909090909093,0.773194370208543
"2014_R14_104_110",2014,"2014-06-21 14:10",29,110,104,115,86,"1",33.8666666666667,12.2,222.266666666667,"Close",-1.13636363636363,-0.136363636363626,0.599248657262032
"2014_R14_107_108",2014,"2014-06-21 16:40",40,108,107,118,78,"1",3.2,14.8666666666667,198,"Far",-2.36363636363636,-0.681818181818187,0.479891826897855
"2014_R14_102_106",2014,"2014-06-21 17:40",83,106,102,105,22,"1",20.8,-27.8,209.4,"Close",1.77272727272728,0.454545454545467,0.863134538039914
"2014_R14_101_105",2014,"2014-06-21 19:40",9,105,101,101,92,"1",-1.6,12.2,227.666666666667,"Far",-2.40909090909091,1.86363636363635,0.340924528701796
"2014_R14_103_109",2014,"2014-06-22 13:10",8,109,103,100,92,"1",-38.3333333333333,-10,199.466666666667,"Far",-1.04545454545455,-1.54545454545453,0.438472353362032
"2014_R14_115_117",2014,"2014-06-22 15:20",33,117,115,103,70,"0",-32.2,-7.86666666666667,203.6,"Far",-3.09090909090909,-1.27272727272725,0.373584425341052
"2014_R14_111_112",2014,"2014-06-22 16:40",41,112,111,107,66,"0",-25.9333333333333,7.6,199.8,"Close",1,0.909090909090907,0.323390718644474
"2014_R15_105_107",2014,"2014-06-27 19:50",9,107,105,89,80,"1",7.8,2,204.866666666667,"Close",4.81818181818183,1.86363636363637,0.685105447109418
"2014_R15_114_115",2014,"2014-06-28 14:10",44,114,115,117,73,"0",-30.4666666666667,4.86666666666667,203.6,"Close",-1.90909090909091,-0.318181818181841,0.258130685638954
"2014_R15_106_117",2014,"2014-06-28 14:40",7,106,117,88,81,"1",20,-1.26666666666667,206.266666666667,"Close",-0.0909090909090935,-0.954545454545439,0.688776872494045
"2014_R15_102_112",2014,"2014-06-28 19:40",4,102,112,70,66,"1",-37.3333333333333,7.33333333333333,186.733333333333,"Far",0.409090909090907,0.545454545454561,0.351012639579151
"2014_R15_109_116",2014,"2014-06-28 19:40",46,116,109,106,60,"1",17.8666666666667,-33.8,205.2,"Far",0.454545454545453,-0.545454545454561,0.93420489672309
"2014_R15_111_118",2014,"2014-06-29 13:10",6,118,111,91,85,"1",-15.7333333333333,-22.3333333333333,188.333333333333,"Close",-1.13636363636364,-0.681818181818187,0.538555701925553
"2014_R15_101_113",2014,"2014-06-29 15:40",23,101,113,99,76,"1",12.7333333333333,26.4666666666667,210.933333333333,"Close",1.63636363636364,-0.409090909090907,0.50921159341258
"2014_R15_103_104",2014,"2014-06-29 19:10",15,104,103,91,76,"1",12.6,-11.2,208.066666666667,"Close",1.22727272727273,-0.681818181818187,0.742485358252453
"2014_R16_110_112",2014,"2014-07-04 19:50",20,112,110,108,88,"1",8,36.0666666666667,209.333333333333,"Close",-0.86363636363636,-1.04545454545453,0.355577329590274
"2014_R16_102_114",2014,"2014-07-05 13:45",25,114,102,79,54,"1",-0.266666666666667,-37.5333333333333,208.2,"Far",0.909090909090907,0.409090909090907,0.853229298396349
"2014_R16_101_109",2014,"2014-07-05 14:10",68,101,109,140,72,"0",-28.8,9.73333333333333,202,"Far",-1.45454545454547,0.77272727272728,0.301850966542592
"2014_R16_104_108",2014,"2014-07-05 16:40",5,108,104,80,75,"1",6.53333333333333,9.46666666666667,203.8,"Far",-2.59090909090909,-0.136363636363626,0.496439750567526
"2014_R16_106_111",2014,"2014-07-05 19:10",63,106,111,97,34,"0",-18.2,15.5333333333333,200.266666666667,"Far",-1,0.681818181818187,0.348498666725617
"2014_R16_105_113",2014,"2014-07-05 19:10",2,105,113,62,60,"0",29.8666666666667,1,213.866666666667,"Far",0.272727272727266,0.181818181818187,0.805175568725777
"2014_R16_103_115",2014,"2014-07-06 13:10",85,103,115,151,66,"1",-11.8,-36.4666666666667,204.733333333333,"Close",3.22727272727272,2.04545454545453,0.713545050294108
"2014_R16_116_117",2014,"2014-07-06 13:20",28,116,117,79,51,"0",2.4,23.8666666666667,203.266666666667,"Close",1.09090909090909,2.31818181818181,0.352844269714549
"2014_R16_107_118",2014,"2014-07-06 16:40",13,107,118,69,56,"1",5.46666666666667,-14.8666666666667,204.066666666667,"Close",2.36363636363636,1.77272727272728,0.672985686972096
"2014_R17_101_110",2014,"2014-07-11 19:20",12,110,101,104,92,"0",8.53333333333333,33.9333333333333,210.133333333333,"Far",0.27272727272728,-1.68181818181819,0.532492619569225
"2014_R17_107_111",2014,"2014-07-12 13:45",66,107,111,102,36,"0",-21.0666666666667,6.26666666666667,201.6,"Close",-1.59090909090909,-1.86363636363635,0.352300225965501
"2014_R17_112_115",2014,"2014-07-12 14:10",59,112,115,92,33,"1",8.6,-46.8666666666667,210.133333333333,"Far",0.863636363636374,-0.590909090909093,0.947929506473282
"2014_R17_103_116",2014,"2014-07-12 19:40",71,116,103,122,51,"1",26.5333333333333,-6.2,210.666666666667,"Far",-0.86363636363636,-1.5,0.842627660899999
"2014_R17_102_117",2014,"2014-07-12 19:40",12,117,102,76,64,"0",-39.1333333333333,6.26666666666667,188.2,"Close",-2.18181818181819,-2.04545454545453,0.263978556911194
"2014_R17_113_114",2014,"2014-07-13 13:10",20,114,113,126,106,"1",-1.2,29.8,205.133333333333,"Far",2.63636363636364,0.863636363636374,0.499205798348431
"2014_R17_106_109",2014,"2014-07-13 14:40",76,106,109,136,60,"1",24.4666666666667,-27.8,211.2,"Far",4.09090909090909,1,0.971261926062267
"2014_R17_104_105",2014,"2014-07-13 15:20",64,105,104,103,39,"1",3.73333333333333,9.86666666666667,228.8,"Close",-4.86363636363636,-1.18181818181819,0.31019650363239
"2014_R18_103_112",2014,"2014-07-18 19:50",23,103,112,109,86,"1",-8.73333333333333,15.1333333333333,210,"Close",1.40909090909091,1.40909090909091,0.366652545420381
"2014_R18_106_115",2014,"2014-07-19 16:40",58,115,106,118,60,"1",-51.9333333333333,24.8666666666667,189.333333333333,"Far",-1.90909090909092,-1.18181818181819,0.195701852448016
"2014_R18_107_109",2014,"2014-07-19 19:40",7,107,109,94,87,"0",-35,8.13333333333333,198.2,"Far",-2.81818181818181,-2,0.31857709013417
"2014_R18_111_113",2014,"2014-07-20 12:40",3,113,111,72,69,"1",26.2666666666667,-24.3333333333333,210.733333333333,"Far",-1.04545454545455,0.863636363636374,0.850393682889533
"2014_R18_105_118",2014,"2014-07-20 16:40",7,105,118,101,94,"0",-10.8666666666667,5.4,190.866666666667,"Close",2.63636363636364,1.72727272727272,0.465246224443988
"2014_R18_114_117",2014,"2014-07-25 18:40",17,114,117,59,42,"0",2.73333333333333,1.33333333333333,205.066666666667,"Far",2.04545454545455,1.81818181818184,0.641901045140129
"2014_R18_110_116",2014,"2014-07-26 19:40",10,110,116,104,94,"1",31.5333333333333,33.4,225.4,"Far",-1.36363636363636,0.22727272727272,0.528206646352608
"2014_R18_101_104",2014,"2014-07-27 16:40",16,101,104,98,82,"0",10.2666666666667,10.2666666666667,206,"Far",2.31818181818181,1.72727272727272,0.652837053225699
"2014_R19_103_106",2014,"2014-07-31 18:10",5,106,103,83,78,"1",17.8,-6.4,208.6,"Far",-0.22727272727272,0.136363636363626,0.758916086757142
"2014_R19_105_116",2014,"2014-08-01 19:50",22,116,105,79,57,"1",34.0666666666667,6.13333333333333,212.066666666667,"Far",2.04545454545455,-0.0454545454545325,0.874229219769419
"2014_R19_101_117",2014,"2014-08-02 13:10",31,117,101,136,105,"0",14.9333333333333,-4.6,209.8,"Close",-1.5,-2.13636363636363,0.654926592842023
"2014_R19_109_114",2014,"2014-08-02 16:40",27,114,109,89,62,"1",1.66666666666667,-35,203.8,"Far",0.545454545454547,-0.318181818181841,0.866280739852187
"2014_R19_108_115",2014,"2014-08-02 19:40",53,108,115,117,64,"1",-2.13333333333333,-48.5333333333333,200.2,"Far",-1.09090909090909,0.0909090909090935,0.84801926992251
"2014_R19_107_112",2014,"2014-08-02 19:40",32,107,112,111,79,"0",11.6666666666667,6.93333333333333,212,"Close",-2.40909090909091,-1.86363636363637,0.505779322345272
"2014_R19_102_111",2014,"2014-08-03 13:10",23,102,111,74,51,"0",-18.3333333333333,-31.4666666666667,195.4,"Far",0,-0.181818181818187,0.705997399836975
"2014_R19_110_118",2014,"2014-08-03 15:20",62,110,118,107,45,"1",31.9333333333333,-9.4,225.733333333333,"Close",0.181818181818187,-0.136363636363626,0.77286057301602
"2014_R19_104_113",2014,"2014-08-03 16:40",6,104,113,76,70,"1",7.86666666666667,22.8666666666667,205.066666666667,"Far",1.72727272727273,-0.409090909090907,0.617201623762767
"2014_R20_105_114",2014,"2014-08-08 19:50",18,114,105,95,77,"1",3.6,-0.733333333333333,206.533333333333,"Close",4.09090909090908,1.77272727272728,0.642009638529972
"2014_R20_109_112",2014,"2014-08-09 13:45",75,112,109,126,51,"0",-38.9333333333333,9.06666666666667,197.533333333333,"Close",-0.227272727272734,0.272727272727252,0.241556920994766
"2014_R20_110_111",2014,"2014-08-09 16:40",50,110,111,115,65,"1",32.2,-17.7333333333333,220.333333333333,"Close",0.27272727272728,-0.636363636363626,0.847343208420807
"2014_R20_113_116",2014,"2014-08-09 19:10",26,116,113,84,58,"0",22.9333333333333,31.3333333333333,208.333333333333,"Far",-2.5,0.5,0.44932374185358
"2014_R20_106_107",2014,"2014-08-09 19:40",2,107,106,81,79,"1",8.33333333333333,22,207.8,"Far",1.13636363636364,0.545454545454533,0.557711588913827
"2014_R20_101_102",2014,"2014-08-10 13:10",105,101,102,168,63,"0",-26.4,17.0666666666667,191.2,"Far",1.86363636363636,1.63636363636365,0.373714864258896
"2014_R20_104_117",2014,"2014-08-10 14:40",60,117,104,126,66,"1",-4.2,9,204.2,"Far",0.727272727272734,1.22727272727272,0.512456171356028
"2014_R20_115_118",2014,"2014-08-10 15:20",23,118,115,122,99,"0",-50.4,-13.6666666666667,193.266666666667,"Close",-1.22727272727273,-0.77272727272728,0.283108359186777
"2014_R21_103_107",2014,"2014-08-15 19:50",6,107,103,82,76,"0",2.8,3.46666666666667,215.333333333333,"Close",-0.5,-1.04545454545453,0.51069023282717
"2014_R21_115_116",2014,"2014-08-16 13:45",71,116,115,127,56,"1",35.9333333333333,-46.2,214.266666666667,"Far",2.68181818181819,1.22727272727272,0.993042469345471
"2014_R21_108_113",2014,"2014-08-16 14:10",9,113,108,56,47,"0",1.86666666666667,13.6666666666667,198.133333333333,"Far",-0.954545454545453,0.318181818181813,0.498115319553511
"2014_R21_105_117",2014,"2014-08-16 16:40",3,105,117,77,74,"1",1.6,4.8,217.933333333333,"Far",-5.59090909090909,-2.72727272727272,0.448036838609467
"2014_R21_101_114",2014,"2014-08-16 19:10",10,114,101,79,69,"0",18.3333333333333,7.33333333333333,207.266666666667,"Far",-0.818181818181813,-1.31818181818181,0.711990954918945
"2014_R21_102_104",2014,"2014-08-16 19:40",67,102,104,123,56,"0",2.46666666666667,-25.8666666666667,204.733333333333,"Far",1.68181818181819,0.77272727272728,0.8287379138124
"2014_R21_112_118",2014,"2014-08-17 13:10",50,112,118,111,61,"1",11.2,-13.9333333333333,208.4,"Close",-1.22727272727272,-1.68181818181819,0.683461206336672
"2014_R21_106_110",2014,"2014-08-17 14:40",19,106,110,110,91,"1",18.3333333333333,28.9333333333333,205.866666666667,"Far",0.77272727272728,1.18181818181819,0.545785884383687
"2014_R21_109_111",2014,"2014-08-17 15:20",64,109,111,98,34,"0",-22.6,-42.1333333333333,195.733333333333,"Far",1.86363636363636,0.5,0.792313951027336
"2014_R22_103_113",2014,"2014-08-22 19:20",103,113,103,140,37,"1",13.3333333333333,0.533333333333333,206.466666666667,"Far",-1.36363636363637,-0.409090909090907,0.660600047905362
"2014_R22_101_112",2014,"2014-08-23 13:45",7,112,101,101,94,"1",16.8666666666667,13.3333333333333,211.266666666667,"Far",-0.272727272727266,1.31818181818181,0.575137646444425
"2014_R22_104_109",2014,"2014-08-23 16:40",8,104,109,75,67,"0",-33.5333333333333,-4.33333333333333,201.266666666667,"Far",-1.09090909090908,-0.545454545454533,0.397980724568728
"2014_R22_111_117",2014,"2014-08-23 17:40",66,117,111,119,53,"1",5.53333333333333,-26.3333333333333,209.333333333333,"Far",-1.68181818181817,-1.27272727272725,0.788245906520097
"2014_R22_107_110",2014,"2014-08-23 19:40",23,110,107,94,71,"1",28.9333333333333,2.6,217.8,"Close",-0.318181818181827,-0.77272727272728,0.693614796513139
"2014_R22_102_106",2014,"2014-08-24 13:10",58,106,102,106,48,"0",-18.5333333333333,20.7333333333333,194.2,"Close",0.5,-0.409090909090907,0.329405028420194
"2014_R22_116_118",2014,"2014-08-24 15:20",63,116,118,130,67,"0",-15.4,39.5333333333333,190.2,"Far",0.27272727272728,1,0.294345462849766
"2014_R22_114_115",2014,"2014-08-24 16:40",26,114,115,98,72,"1",5.13333333333333,-52,207.4,"Close",1.09090909090909,0.0909090909090935,0.884899233405013
"2014_R23_104_110",2014,"2014-08-29 19:50",65,110,104,121,56,"0",-5.33333333333333,26.0666666666667,198.666666666667,"Close",-0.545454545454547,0.636363636363626,0.304566675342368
"2014_R23_106_113",2014,"2014-08-30 13:10",8,106,113,105,97,"1",25.4666666666667,17.5333333333333,206.466666666667,"Close",1.77272727272728,0.454545454545439,0.632380396197188
"2014_R23_103_105",2014,"2014-08-30 13:45",0,100,100,90,90,"0",-6.53333333333333,5.66666666666667,213.733333333333,"Close",4.86363636363637,2.45454545454547,0.526182468567212
"2014_R23_114_116",2014,"2014-08-30 16:40",3,114,116,68,65,"0",41.6666666666667,11.2666666666667,213.266666666667,"Close",-0.681818181818187,-0.545454545454533,0.709882892384232
"2014_R23_111_112",2014,"2014-08-30 19:40",30,112,111,123,93,"1",16.4666666666667,-28.6666666666667,211.733333333333,"Close",-1.90909090909091,-0.181818181818159,0.71873034212512
"2014_R23_102_107",2014,"2014-08-30 19:40",62,107,102,143,81,"1",3.73333333333333,-22.6,206.6,"Far",1.04545454545455,0.27272727272728,0.809975089451123
"2014_R23_108_117",2014,"2014-08-31 13:10",52,117,108,151,99,"0",-3.2,10.1333333333333,194.333333333333,"Close",-3.40909090909092,-0.636363636363626,0.339451167422822
"2014_R23_101_115",2014,"2014-08-31 14:50",79,101,115,141,62,"1",12.2666666666667,-53.5333333333333,203.8,"Far",1.09090909090909,-1.81818181818184,0.986419345237755
"2014_R23_109_118",2014,"2014-08-31 16:40",6,109,118,115,109,"0",-19,-31.4,191.066666666667,"Far",2,1.18181818181816,0.738804148581938
"2015_R01_103_114",2015,"2015-04-02 19:20",27,114,103,105,78,"0",-4.26666666666667,11.8,214.333333333333,"Close",1,0.954545454545467,0.40517791757166
"2015_R01_105_116",2015,"2015-04-04 16:35",12,116,105,72,60,"1",36.2,5.13333333333333,211.866666666667,"Close",2.95454545454547,-0.181818181818187,0.842884910299787
"2015_R01_102_104",2015,"2015-04-04 18:20",12,104,102,86,74,"0",-21.4666666666667,-11.9333333333333,191.533333333333,"Far",-2.81818181818181,-1.22727272727275,0.486417047873116
"2015_R01_117_118",2015,"2015-04-04 19:20",10,118,117,97,87,"1",-18.8666666666667,14.8666666666667,191.933333333333,"Far",0.909090909090907,0.27272727272728,0.44105691725733
"2015_R01_109_115",2015,"2015-04-05 13:10",9,109,115,87,78,"0",-49.1333333333333,-28.6666666666667,192.8,"Far",-0.727272727272734,-1.36363636363637,0.491848260820982
"2015_R01_101_112",2015,"2015-04-05 14:50",77,101,112,140,63,"1",17.7333333333333,21.3333333333333,205.933333333333,"Far",0.227272727272734,-0.77272727272728,0.644681962964563
"2015_R01_106_113",2015,"2015-04-05 16:40",7,106,113,75,68,"1",24.7333333333333,14.6666666666667,204,"Close",1.81818181818183,-0.27272727272728,0.680491771083148
"2015_R01_107_110",2015,"2015-04-06 15:20",62,110,107,123,61,"1",20.7333333333333,7.53333333333333,215.2,"Close",-2.18181818181819,-1.81818181818181,0.568122602314871
"2015_R02_103_117",2015,"2015-04-10 18:10",69,117,103,131,62,"1",6.8,-8.2,208.666666666667,"Far",-1.54545454545455,-0.272727272727252,0.653171189936119
"2015_R02_114_118",2015,"2015-04-11 13:45",19,118,114,85,66,"0",14.7333333333333,-19.2666666666667,209.333333333333,"Close",-1.04545454545455,-1.45454545454544,0.73875526555576
"2015_R02_109_111",2015,"2015-04-11 14:10",45,109,111,101,56,"1",-20.6666666666667,-28.0666666666667,202.933333333333,"Close",-3.36363636363636,-0.818181818181813,0.434385587216629
"2015_R02_101_104",2015,"2015-04-11 16:35",27,101,104,90,63,"0",-9.73333333333333,21.4666666666667,197,"Far",1.36363636363636,1.63636363636365,0.423771784777937
"2015_R02_113_116",2015,"2015-04-11 19:10",48,116,113,92,44,"0",13,35.7333333333333,207.133333333333,"Far",-2.45454545454545,-0.045454545454561,0.386818676789263
"2015_R02_108_115",2015,"2015-04-11 19:20",28,115,108,104,76,"0",-13.8,-47.6,193.533333333333,"Far",-0.63636363636364,0.72727272727272,0.775480049948526
"2015_R02_106_107",2015,"2015-04-12 13:10",44,106,107,104,60,"0",5.53333333333333,26.4,204.533333333333,"Far",1.59090909090909,1.77272727272728,0.487521872061253
"2015_R02_105_110",2015,"2015-04-12 15:20",2,105,110,78,76,"1",3.8,26.1333333333333,218.466666666667,"Close",-1.22727272727273,-0.409090909090907,0.339313933621465
"2015_R02_102_112",2015,"2015-04-12 16:40",82,112,102,133,51,"1",10.4,-21.7333333333333,205.4,"Far",0.909090909090907,0.863636363636374,0.821566671434263
"2015_R03_104_115",2015,"2015-04-17 19:50",74,104,115,140,66,"1",-12.0666666666667,-43.2,196.133333333333,"Close",3.5,2.81818181818181,0.746416681902292
"2015_R03_101_111",2015,"2015-04-18 13:40",25,101,111,80,55,"1",23.6,-32.2,210.8,"Far",-1.40909090909091,-1.18181818181819,0.916425059179069
"2015_R03_103_105",2015,"2015-04-18 13:45",21,105,103,105,84,"0",-13.1333333333333,7.26666666666667,209.666666666667,"Close",4.13636363636364,1.18181818181819,0.495932974759827
"2015_R03_109_116",2015,"2015-04-18 16:35",21,116,109,111,90,"1",35.6,-10.1333333333333,212.066666666667,"Far",2.27272727272728,-0.409090909090907,0.95180377507998
"2015_R03_112_113",2015,"2015-04-18 19:20",8,113,112,113,105,"0",17.2,8.86666666666667,205.266666666667,"Far",0.77272727272728,0,0.713589793689129
"2015_R03_102_114",2015,"2015-04-18 19:20",79,114,102,137,58,"0",-21.4,5.93333333333333,191.666666666667,"Far",-2.54545454545455,-1.40909090909091,0.402613112059219
"2015_R03_110_118",2015,"2015-04-19 13:10",70,110,118,127,57,"1",26.9333333333333,-15,217,"Close",-0.590909090909079,-1.81818181818181,0.814438032729649
"2015_R03_106_117",2015,"2015-04-19 14:40",30,106,117,111,81,"0",11.9333333333333,27.2,206.533333333333,"Close",-1,-0.181818181818159,0.393618832776509
"2015_R04_111_114",2015,"2015-04-24 19:50",32,111,114,83,51,"0",14.5333333333333,-32.5333333333333,213.066666666667,"Close",0,-0.0909090909090935,0.801796959547386
"2015_R04_103_115",2015,"2015-04-25 13:10",40,103,115,121,81,"0",-42.4,-14.0666666666667,195,"Far",-3.95454545454545,-2.72727272727272,0.373856558296521
"2015_R04_104_105",2015,"2015-04-25 14:40",20,104,105,69,49,"0",5.33333333333333,-12.8666666666667,217.066666666667,"Close",-3.54545454545455,-1.13636363636365,0.500585304463493
"2015_R04_106_116",2015,"2015-04-25 18:45",14,106,116,74,60,"1",26.6666666666667,29.6666666666667,209.533333333333,"Close",0.909090909090907,1.36363636363637,0.487316671641723
"2015_R04_110_113",2015,"2015-04-25 19:10",8,113,110,99,91,"1",8.06666666666667,31.1333333333333,208.8,"Far",-1.45454545454545,1.36363636363635,0.369726095445296
"2015_R04_102_117",2015,"2015-04-26 13:10",53,117,102,118,65,"0",-27.1333333333333,12.4666666666667,190.266666666667,"Close",-2.68181818181817,-2.45454545454547,0.287780540032882
"2015_R04_107_112",2015,"2015-04-26 15:20",16,112,107,83,67,"0",9.2,14.1333333333333,203.333333333333,"Close",2.31818181818181,1.72727272727272,0.516778472073942
"2015_R04_101_118",2015,"2015-04-26 16:40",57,118,101,125,68,"1",-17.1333333333333,23.1333333333333,191.8,"Far",-0.318181818181813,1.59090909090909,0.32217525614168
"2015_R05_103_104",2015,"2015-05-01 19:50",75,104,103,120,45,"0",-11.0666666666667,-13.7333333333333,208.333333333333,"Close",-0.5,0.454545454545439,0.473564741774751
"2015_R05_107_114",2015,"2015-05-02 13:45",9,107,114,85,76,"0",14.2666666666667,7.8,212.066666666667,"Close",-3.31818181818183,-1.63636363636363,0.471772709834702
"2015_R05_116_118",2015,"2015-05-02 14:10",4,118,116,77,73,"0",26.4,-12.8,208.933333333333,"Far",1.54545454545455,-1.04545454545453,0.929003706147723
"2015_R05_102_108",2015,"2015-05-02 16:35",64,108,102,118,54,"1",-19.2,-31.2,191.6,"Far",-3.36363636363636,-0.590909090909093,0.572466860268702
"2015_R05_109_117",2015,"2015-05-02 17:40",87,117,109,120,33,"1",18.9333333333333,-5.66666666666667,204.666666666667,"Far",2.09090909090909,0.409090909090907,0.845681447361616
"2015_R05_110_112",2015,"2015-05-02 19:25",60,110,112,130,70,"0",13.3333333333333,27.6666666666667,204.533333333333,"Close",-0.909090909090907,0.181818181818187,0.392886862000737
"2015_R05_106_111",2015,"2015-05-03 13:10",68,106,111,118,50,"0",-28.2,24.9333333333333,187.4,"Far",-0.909090909090907,0.0909090909090935,0.288354097900141
"2015_R05_105_115",2015,"2015-05-03 15:20",2,105,115,82,80,"0",-40.4,3,196.333333333333,"Close",0.909090909090921,-0.818181818181813,0.321581617851676
"2015_R05_101_113",2015,"2015-05-03 16:10",24,113,101,115,91,"0",22,3.93333333333333,213.2,"Close",0.5,-2,0.727428669849625
"2015_R06_104_107",2015,"2015-05-08 19:50",41,107,104,100,59,"0",-8.2,2,197.466666666667,"Close",-0.318181818181827,-0.5,0.457415751608957
"2015_R06_112_114",2015,"2015-05-09 13:45",35,112,114,109,74,"1",11.7333333333333,15,203.866666666667,"Far",-0.272727272727266,-0.27272727272728,0.603026140078419
"2015_R06_115_118",2015,"2015-05-09 14:10",7,115,118,94,87,"0",-13.0666666666667,-34.1333333333333,197.266666666667,"Close",1.27272727272727,1.09090909090909,0.653547681415184
"2015_R06_109_110",2015,"2015-05-09 16:35",10,109,110,108,98,"1",-14.4666666666667,29.8,202.266666666667,"Far",-1.40909090909091,0.545454545454561,0.291526410145209
"2015_R06_101_108",2015,"2015-05-09 17:10",41,101,108,119,78,"0",-14.7333333333333,18,193.933333333333,"Far",1.04545454545455,2.45454545454547,0.376829512737636
"2015_R06_105_106",2015,"2015-05-09 18:10",28,106,105,80,52,"1",28.1333333333333,3.2,211.6,"Far",3.36363636363636,0.954545454545439,0.870427536045118
"2015_R06_111_116",2015,"2015-05-09 19:20",38,116,111,88,50,"0",-32.8,25.8666666666667,185.6,"Far",-0.954545454545453,0.681818181818187,0.24966816407377
"2015_R06_102_103",2015,"2015-05-10 15:20",9,102,103,84,75,"0",-14.2,-32.4666666666667,205.866666666667,"Far",1.77272727272728,1.09090909090909,0.75147373673194
"2015_R06_113_117",2015,"2015-05-10 16:10",10,117,113,78,68,"0",5.8,24.5333333333333,206.066666666667,"Close",-0.954545454545453,0.0909090909090935,0.365385983559834
"2015_R07_105_112",2015,"2015-05-15 19:50",11,112,105,93,82,"0",0.733333333333333,11.3333333333333,217.066666666667,"Close",-3.22727272727273,-0.0909090909090935,0.320090673018918
"2015_R07_101_115",2015,"2015-05-16 13:15",46,101,115,119,73,"1",21.3333333333333,-31.4666666666667,214.466666666667,"Far",-0.13636363636364,-1.54545454545453,0.939417810826235
"2015_R07_110_111",2015,"2015-05-16 14:10",105,110,111,155,50,"1",27.2,-32.6,222.133333333333,"Close",-0.0454545454545467,-0.5,0.875089844560699
"2015_R07_103_109",2015,"2015-05-16 16:35",78,109,103,135,57,"0",-14.2666666666667,-14.3333333333333,204.666666666667,"Far",4.04545454545455,1.04545454545453,0.739544448725043
"2015_R07_107_116",2015,"2015-05-16 19:20",43,116,107,120,77,"1",27.6666666666667,7.4,212.733333333333,"Close",0.318181818181813,-1.54545454545456,0.720077521844314
"2015_R07_106_118",2015,"2015-05-17 13:10",13,106,118,101,88,"0",-8.73333333333333,24.4666666666667,197.533333333333,"Far",-1.31818181818181,0.0454545454545325,0.36871032612396
"2015_R07_104_114",2015,"2015-05-17 15:20",5,114,104,105,100,"1",13.4,-9,207.666666666667,"Close",-1.86363636363637,0.181818181818187,0.565280115458166
"2015_R07_102_113",2015,"2015-05-17 16:40",37,102,113,102,65,"1",-26.3333333333333,0.333333333333333,192,"Far",0.77272727272728,0.0909090909090935,0.478146283448025
"2015_R08_103_107",2015,"2015-05-22 19:50",77,107,103,140,63,"1",3.93333333333333,-18.4666666666667,202.666666666667,"Close",0.36363636363636,0.545454545454533,0.648774543173008
"2015_R08_115_117",2015,"2015-05-23 13:45",53,117,115,131,78,"0",-31.6,29.6,202.733333333333,"Far",-2.36363636363636,-1.09090909090909,0.232492273457086
"2015_R08_101_109",2015,"2015-05-23 14:10",24,109,101,108,84,"1",-6.06666666666667,22.8666666666667,203.466666666667,"Far",-1.22727272727273,0.545454545454533,0.372185276044262
"2015_R08_104_108",2015,"2015-05-23 16:35",69,104,108,132,63,"0",-22.7333333333333,-10.3333333333333,189.133333333333,"Far",-5.72727272727272,-2.13636363636363,0.39209985867989
"2015_R08_106_112",2015,"2015-05-23 17:40",73,106,112,115,42,"1",24.8666666666667,12.3333333333333,212.333333333333,"Far",0.181818181818173,-0.363636363636374,0.724249507606636
"2015_R08_110_116",2015,"2015-05-23 19:20",4,116,110,73,69,"0",30.6666666666667,27.4666666666667,219.333333333333,"Far",-0.454545454545453,0.909090909090907,0.580022016881715
"2015_R08_102_105",2015,"2015-05-24 13:10",58,105,102,136,78,"1",0.6,-24.1333333333333,216.466666666667,"Far",0.0909090909090935,0.77272727272728,0.728250114411082
"2015_R08_111_118",2015,"2015-05-24 15:20",39,111,118,103,64,"1",-39.2,-10,185.8,"Close",1.22727272727273,0.454545454545467,0.373978760203621
"2015_R08_113_114",2015,"2015-05-24 16:10",33,114,113,76,43,"0",-0.6,10.8,205,"Far",-1.86363636363636,-1.77272727272728,0.532189809282288
"2015_R09_103_116",2015,"2015-05-29 19:50",60,116,103,122,62,"1",25.8666666666667,-29.2666666666667,211.133333333333,"Far",-0.72727272727272,-1.45454545454544,0.936258749165694
"2015_R09_111_113",2015,"2015-05-30 13:40",61,113,111,115,54,"0",-32.4,-2.66666666666667,188.533333333333,"Far",2.54545454545455,1.59090909090909,0.476507644286442
"2015_R09_109_118",2015,"2015-05-30 16:35",45,118,109,113,68,"1",-11.7333333333333,0.0666666666666667,197.066666666667,"Far",1.5,1.36363636363637,0.553335779955313
"2015_R09_101_106",2015,"2015-05-30 19:10",11,106,101,68,57,"0",16.7333333333333,25.5333333333333,212.933333333333,"Close",-1.95454545454545,-1.68181818181819,0.440185983595936
"2015_R09_105_114",2015,"2015-05-30 19:20",13,114,105,72,59,"1",11.3333333333333,4.33333333333333,207.6,"Close",1.5,1.40909090909091,0.563947569418121
"2015_R09_102_115",2015,"2015-05-31 13:10",22,115,102,108,86,"0",-26.3333333333333,-29.4666666666667,189.066666666667,"Far",0.454545454545453,-0.72727272727272,0.687827656271937
"2015_R09_107_117",2015,"2015-05-31 14:40",56,117,107,120,64,"1",35,8.2,206.6,"Far",-1.90909090909091,-1.09090909090907,0.766106327643588
"2015_R09_104_112",2015,"2015-05-31 15:20",17,104,112,112,95,"1",-5.4,6.13333333333333,198.066666666667,"Close",2.27272727272727,0.77272727272728,0.508657643672506
"2015_R10_106_114",2015,"2015-06-05 18:10",27,114,106,97,70,"0",21.2,10.8666666666667,211,"Far",0.227272727272734,-1.18181818181819,0.74381116249537
"2015_R10_101_103",2015,"2015-06-06 13:40",9,101,103,99,90,"0",-28.5333333333333,16.8,201.4,"Far",2.31818181818183,2.13636363636363,0.351497880652691
"2015_R10_108_116",2015,"2015-06-06 16:35",52,116,108,93,41,"0",-29.3333333333333,25.1333333333333,187.666666666667,"Close",-3.27272727272728,-0.0909090909090935,0.172259336041825
"2015_R10_113_118",2015,"2015-06-06 19:10",38,113,118,100,62,"1",2.73333333333333,-10.6,207.066666666667,"Far",-0.681818181818187,-0.818181818181813,0.701722973286314
"2015_R10_105_107",2015,"2015-06-06 19:20",69,107,105,122,53,"0",-0.8,0.0666666666666667,213.466666666667,"Close",-4.31818181818183,-1.59090909090909,0.380262772991981
"2015_R10_102_109",2015,"2015-06-07 13:10",30,109,102,97,67,"1",2.13333333333333,-27,204.266666666667,"Far",-1.04545454545455,-0.181818181818187,0.761865443247297
"2015_R10_112_117",2015,"2015-06-07 15:20",10,112,117,85,75,"1",1.06666666666667,37.9333333333333,198.4,"Far",1.09090909090908,-0.363636363636346,0.458126697070396
"2015_R10_110_115",2015,"2015-06-07 16:40",63,110,115,132,69,"0",-24.0666666666667,34.4666666666667,206.666666666667,"Close",-3.27272727272727,-0.909090909090907,0.165444546815077
"2015_R10_104_111",2015,"2015-06-08 15:20",25,104,111,110,85,"0",-32.0666666666667,0,189.2,"Close",0.909090909090907,1.18181818181816,0.327058832359838
"2015_R11_107_113",2015,"2015-06-12 19:20",23,107,113,92,69,"0",5.06666666666667,4.2,207.8,"Far",-3,-1.68181818181819,0.556277840579633
"2015_R11_106_108",2015,"2015-06-13 13:40",7,106,108,53,46,"0",-29.2,23.2666666666667,190.133333333333,"Close",-2.5,0.545454545454561,0.179888247390904
"2015_R11_105_117",2015,"2015-06-13 14:35",50,117,105,96,46,"1",38.4,-5.86666666666667,207.2,"Far",3.36363636363636,1.63636363636363,0.936383885161178
"2015_R11_112_116",2015,"2015-06-13 19:20",16,116,112,91,75,"0",3.26666666666667,29.2666666666667,200.066666666667,"Far",-0.227272727272734,0.27272727272728,0.44440935748007
"2015_R11_104_109",2015,"2015-06-14 13:10",42,104,109,119,77,"1",2.73333333333333,4.6,201.8,"Far",3.86363636363636,1.04545454545453,0.735891028198604
"2015_R11_111_115",2015,"2015-06-14 16:40",2,115,111,85,83,"1",-32.1333333333333,-33.5333333333333,203.6,"Close",-0.954545454545453,-0.454545454545467,0.473743437098715
"2015_R12_101_110",2015,"2015-06-18 19:20",29,110,101,114,85,"0",16.3333333333333,38,216.466666666667,"Far",-1.5,-1,0.452611223984077
"2015_R12_114_117",2015,"2015-06-19 19:50",20,117,114,90,70,"0",11.5333333333333,39.6666666666667,208.533333333333,"Far",0,0.818181818181813,0.416563165864563
"2015_R12_103_113",2015,"2015-06-20 13:40",4,103,113,110,106,"1",-30.6666666666667,3.93333333333333,200.8,"Far",2.72727272727273,1.22727272727272,0.453982921997894
"2015_R12_109_112",2015,"2015-06-20 16:35",56,112,109,117,61,"0",3.6,4.33333333333333,203.8,"Far",-3.72727272727273,-0.409090909090907,0.47124515713679
"2015_R12_102_118",2015,"2015-06-20 19:20",72,118,102,146,74,"1",-12.6666666666667,-32.6,196,"Far",0,1.09090909090907,0.701153681029461
"2015_R12_107_111",2015,"2015-06-21 15:20",24,111,107,113,89,"0",3.6,-32.1333333333333,201.666666666667,"Close",1.63636363636364,1.09090909090909,0.765928196027685
"2015_R13_104_106",2015,"2015-06-25 18:10",7,106,104,80,73,"1",23.4,5.13333333333333,213.6,"Far",-1.09090909090908,-0.909090909090907,0.724030681816633
"2015_R13_114_116",2015,"2015-06-26 19:50",18,114,116,95,77,"0",28.8666666666667,8.4,212.133333333333,"Far",-0.13636363636364,-1,0.785761238085359
"2015_R13_105_110",2015,"2015-06-27 13:40",38,110,105,114,76,"1",35.8,-7.73333333333333,224.533333333333,"Close",1.36363636363637,-0.77272727272728,0.854538828653799
"2015_R13_101_102",2015,"2015-06-27 16:35",13,101,102,82,69,"0",-38.9333333333333,16.4666666666667,187.2,"Far",-0.454545454545453,1,0.263601828398387
"2015_R13_115_118",2015,"2015-06-27 19:20",6,118,115,62,56,"0",-28.4666666666667,-3.73333333333333,203.466666666667,"Close",-0.590909090909093,-2.31818181818181,0.40965231834245
"2015_R14_113_116",2015,"2015-07-02 19:20",10,116,113,94,84,"1",25.9333333333333,5.4,210.933333333333,"Far",1.04545454545455,-1.13636363636363,0.835116357407709
"2015_R14_104_110",2015,"2015-07-03 19:50",10,110,104,101,91,"0",8.66666666666667,35,201.533333333333,"Close",1.18181818181817,0.363636363636374,0.400380199286888
"2015_R14_109_114",2015,"2015-07-04 13:40",9,114,109,78,69,"1",8.4,4.86666666666667,207.533333333333,"Far",2.63636363636364,0.545454545454533,0.732613988876394
"2015_R14_108_112",2015,"2015-07-04 16:40",55,108,112,125,70,"1",-32.8666666666667,3.06666666666667,190.466666666667,"Far",-0.86363636363636,0.0909090909090935,0.363416338032236
"2015_R14_111_117",2015,"2015-07-04 19:10",54,117,111,114,60,"0",-27.2,37,189.066666666667,"Far",0.27272727272728,0.363636363636374,0.268264617135985
"2015_R14_103_118",2015,"2015-07-04 19:30",11,118,103,64,53,"1",-4.86666666666667,-30.4,196.533333333333,"Close",-2.63636363636364,-0.363636363636374,0.575937911388672
"2015_R14_105_115",2015,"2015-07-05 13:10",110,115,105,162,52,"0",-9.06666666666667,-27.3333333333333,215.666666666667,"Close",0.0909090909090935,1,0.563910055979332
"2015_R14_102_106",2015,"2015-07-05 14:40",36,106,102,84,48,"1",24,-32.8,214.466666666667,"Close",2.68181818181819,0.27272727272728,0.923858823014707
"2015_R15_104_113",2015,"2015-07-09 19:20",3,113,104,66,63,"1",4.13333333333333,12.4666666666667,204.133333333333,"Far",-3.86363636363637,-0.909090909090907,0.440269257178616
"2015_R15_103_114",2015,"2015-07-10 19:50",30,114,103,71,41,"1",8.33333333333333,-30.7333333333333,206.333333333333,"Close",-1.22727272727273,-0.409090909090907,0.721012088459055
"2015_R15_105_111",2015,"2015-07-11 13:40",9,105,111,69,60,"1",-16.6,-26.5333333333333,210.4,"Close",-1.86363636363636,0.363636363636374,0.458052561231144
"2015_R15_101_117",2015,"2015-07-11 17:40",56,117,101,147,91,"1",40.8,10.3333333333333,204.866666666667,"Close",1.95454545454545,1.68181818181819,0.746212340218566
"2015_R15_107_112",2015,"2015-07-11 19:20",41,112,107,120,79,"1",-3.93333333333333,1.86666666666667,196.8,"Close",-2.31818181818181,-1.13636363636365,0.430632222352122
"2015_R15_109_115",2015,"2015-07-12 13:10",35,109,115,84,49,"1",0,-15.2666666666667,202.8,"Far",0.454545454545453,1.36363636363637,0.680017685975329
"2015_R15_106_110",2015,"2015-07-12 15:20",72,110,106,115,43,"1",36.9333333333333,25.1333333333333,223.6,"Far",-0.181818181818173,-0.0454545454545325,0.684011710009722
"2015_R15_102_116",2015,"2015-07-12 16:40",21,116,102,70,49,"0",-39.6666666666667,21.8666666666667,187.4,"Far",-1.18181818181819,1.09090909090909,0.220375093928466
"2015_R16_105_112",2015,"2015-07-17 19:50",25,112,105,93,68,"1",-1.66666666666667,-17.2666666666667,195.266666666667,"Close",1.81818181818181,-0.181818181818187,0.705123636521248
"2015_R16_107_118",2015,"2015-07-18 13:45",8,107,118,72,64,"1",-1.26666666666667,4.86666666666667,195.266666666667,"Close",2,1.09090909090909,0.524557106059375
"2015_R16_108_109",2015,"2015-07-18 14:10",15,109,108,94,79,"0",-28.8,2.86666666666667,191.666666666667,"Far",2.22727272727273,1.04545454545453,0.470877034542673
"2015_R16_104_117",2015,"2015-07-18 16:35",31,117,104,87,56,"0",11.7333333333333,40.1333333333333,204.6,"Far",1.90909090909092,0.409090909090907,0.511740177431045
"2015_R16_103_106",2015,"2015-07-18 17:40",42,106,103,95,53,"1",16.4666666666667,-25.8666666666667,211.2,"Far",-0.545454545454533,0,0.847629944663651
"2015_R16_110_116",2015,"2015-07-18 19:20",89,110,116,146,57,"0",19.0666666666667,40.2,210.2,"Close",-1.54545454545455,-1.77272727272725,0.396082391784515
"2015_R16_102_111",2015,"2015-07-19 13:10",24,111,102,60,36,"1",-22.7333333333333,-37.2,189.2,"Far",-0.681818181818187,-0.77272727272728,0.713974573664616
"2015_R16_101_113",2015,"2015-07-19 14:50",3,101,113,116,113,"0",-2.53333333333333,7.26666666666667,202.2,"Close",0.909090909090907,2.36363636363635,0.403139933862096
"2015_R16_114_115",2015,"2015-07-19 16:40",16,114,115,89,73,"0",-15.8666666666667,8.6,208.466666666667,"Close",-1.77272727272727,-0.636363636363626,0.31860217255596
"2015_R17_103_110",2015,"2015-07-24 19:50",138,110,103,173,35,"0",-28.6666666666667,41.8,198.866666666667,"Close",-0.13636363636364,-0.181818181818187,0.182795429834078
"2015_R17_107_109",2015,"2015-07-25 13:45",27,107,109,69,42,"0",3.46666666666667,0.8,204.066666666667,"Far",-2.90909090909091,-1.72727272727272,0.57755269429761
"2015_R17_106_114",2015,"2015-07-25 16:35",4,106,114,82,78,"0",9.46666666666667,18.7333333333333,205.4,"Far",-0.0909090909090935,0.409090909090907,0.541893653493477
"2015_R17_102_112",2015,"2015-07-25 19:20",72,112,102,110,38,"0",-34.6666666666667,-2,193.466666666667,"Far",0.0909090909090935,0.636363636363626,0.391672970361569
"2015_R17_105_113",2015,"2015-07-25 19:20",13,113,105,129,116,"0",-18.9333333333333,-2.2,207.066666666667,"Far",-0.545454545454547,0.045454545454561,0.469791240527213
"2015_R17_104_118",2015,"2015-07-26 13:10",18,118,104,104,86,"1",4.73333333333333,14,200.133333333333,"Close",-4.27272727272727,-2.13636363636365,0.375206515501294
"2015_R17_116_117",2015,"2015-07-26 14:40",52,117,116,103,51,"1",38.7333333333333,13.3333333333333,208.733333333333,"Close",0.590909090909079,1.45454545454547,0.657750302455667
"2015_R17_111_115",2015,"2015-07-26 15:20",37,115,111,83,46,"0",-19.1333333333333,-11.6666666666667,188.8,"Close",2.45454545454545,1.27272727272728,0.524938709933496
"2015_R18_110_114",2015,"2015-07-31 19:50",18,114,110,71,53,"0",46.8666666666667,7.4,226.133333333333,"Close",1.27272727272728,-0.545454545454533,0.827966951143636
"2015_R18_102_107",2015,"2015-08-01 13:45",56,107,102,113,57,"1",-1.53333333333333,-38.6666666666667,195.466666666667,"Far",1.5,1.13636363636363,0.863097435141988
"2015_R18_104_111",2015,"2015-08-01 14:10",37,111,104,91,54,"0",12,-23.3333333333333,206.4,"Close",0.5,0.136363636363626,0.752313634373545
"2015_R18_101_116",2015,"2015-08-01 16:35",52,116,101,117,65,"1",9.06666666666667,5.66666666666667,207.666666666667,"Far",1.68181818181819,0.181818181818187,0.705548172711108
"2015_R18_103_112",2015,"2015-08-01 19:20",64,112,103,118,54,"0",-36.0666666666667,7.93333333333333,197.066666666667,"Close",1.36363636363636,0.454545454545439,0.298343405280966
"2015_R18_108_117",2015,"2015-08-01 19:20",0,100,100,83,83,"0",-27.6,42.8666666666667,191.133333333333,"Close",-2.22727272727272,-0.545454545454561,0.155397322933917
"2015_R18_113_115",2015,"2015-08-02 12:40",63,113,115,112,49,"1",-0.866666666666667,-8.6,199.066666666667,"Far",0.181818181818187,0.409090909090907,0.663419492282153
"2015_R18_106_109",2015,"2015-08-02 14:40",21,106,109,84,63,"1",18.5333333333333,1.06666666666667,209.933333333333,"Far",1.31818181818181,-1.22727272727275,0.828710508141053
"2015_R18_105_118",2015,"2015-08-02 15:20",87,118,105,127,40,"0",-19,5.26666666666667,206.866666666667,"Close",0.63636363636364,1.81818181818184,0.324234488445029
"2015_R19_101_114",2015,"2015-08-07 19:20",36,101,114,88,52,"1",-2.93333333333333,9.86666666666667,211.333333333333,"Far",-2.13636363636364,-1.86363636363637,0.505262487400781
"2015_R19_103_104",2015,"2015-08-08 13:45",18,104,103,105,87,"1",11.3333333333333,-35.7333333333333,205.333333333333,"Close",-0.636363636363626,-1.81818181818181,0.844148482912326
"2015_R19_113_118",2015,"2015-08-08 14:10",64,118,113,128,64,"1",9.8,6.53333333333333,204.133333333333,"Far",0.727272727272734,0.136363636363626,0.670471357054438
"2015_R19_110_117",2015,"2015-08-08 17:40",14,110,117,88,74,"0",38.2666666666667,45.8,211.266666666667,"Far",-0.545454545454547,0.363636363636374,0.547234385549624
"2015_R19_107_116",2015,"2015-08-08 19:20",32,107,116,95,63,"1",6.33333333333333,9.33333333333333,196.533333333333,"Far",0.181818181818187,1.77272727272728,0.54891109331319
"2015_R19_111_112",2015,"2015-08-09 13:10",35,112,111,127,92,"0",-17.8666666666667,6.73333333333333,187.266666666667,"Close",0.318181818181827,0.22727272727272,0.383655296969605
"2015_R19_105_109",2015,"2015-08-09 15:20",32,109,105,93,61,"1",-3.33333333333333,-24.9333333333333,204.933333333333,"Far",-0.363636363636374,-0.045454545454561,0.734867457503408
"2015_R19_106_115",2015,"2015-08-09 16:40",37,106,115,96,59,"0",-14.6666666666667,17,208.866666666667,"Far",-1.68181818181819,0,0.349277227516607
"2015_R20_104_116",2015,"2015-08-14 19:50",11,116,104,87,76,"1",5.8,7.6,207.533333333333,"Far",-1.31818181818181,-0.772727272727252,0.577115785045849
"2015_R20_101_105",2015,"2015-08-15 13:45",112,101,105,171,59,"0",-28.4666666666667,-2.33333333333333,205.266666666667,"Far",-0.0909090909090935,2.09090909090909,0.361390781497115
"2015_R20_112_115",2015,"2015-08-15 14:10",37,112,115,120,83,"1",9.6,-12.2,198.333333333333,"Far",1.45454545454545,0.045454545454561,0.822251839595969
"2015_R20_109_113",2015,"2015-08-15 16:05",21,113,109,111,90,"1",1.73333333333333,0.2,195.6,"Far",-1.95454545454545,-2.90909090909091,0.671180353701811
"2015_R20_102_103",2015,"2015-08-15 19:20",64,102,103,131,67,"1",-32.6,-35.5333333333333,196.4,"Far",0.27272727272728,0.545454545454533,0.611836383380158
"2015_R20_107_110",2015,"2015-08-15 19:20",36,110,107,121,85,"0",11.4,42.0666666666667,201.6,"Close",-0.63636363636364,0.545454545454533,0.313165971250193
"2015_R20_106_117",2015,"2015-08-16 14:40",24,117,106,104,80,"0",17.4666666666667,39.3333333333333,208.133333333333,"Close",1.40909090909091,0.636363636363626,0.421096840597937
"2015_R20_111_118",2015,"2015-08-16 15:20",98,118,111,153,55,"1",18.7333333333333,-18.5333333333333,206.866666666667,"Close",-1.27272727272728,-0.318181818181841,0.710921505816118
"2015_R21_110_113",2015,"2015-08-21 19:50",22,113,110,108,86,"0",45,2.6,223.2,"Far",3.5,0.818181818181813,0.940623139142938
"2015_R21_104_114",2015,"2015-08-22 13:45",91,114,104,147,56,"0",5.53333333333333,9.86666666666667,204.733333333333,"Close",1.72727272727272,-0.181818181818187,0.565987126815435
"2015_R21_109_116",2015,"2015-08-22 14:10",89,116,109,133,44,"0",-5.6,7.46666666666667,198.733333333333,"Far",-0.681818181818173,2.09090909090909,0.430524748264498
"2015_R21_105_108",2015,"2015-08-22 16:35",2,108,105,97,95,"1",-25.3333333333333,-34.6,190.933333333333,"Far",0.22727272727272,0.636363636363626,0.659837692098986
"2015_R21_101_102",2015,"2015-08-22 19:10",87,101,102,131,44,"1",3.46666666666667,-24.8,210.6,"Far",-1.13636363636363,-1.36363636363635,0.789496797705057
"2015_R21_107_115",2015,"2015-08-22 19:20",0,100,100,97,97,"0",-12,8.4,210.6,"Close",-2.22727272727273,-1.31818181818181,0.343023210930687
"2015_R21_106_112",2015,"2015-08-23 13:10",11,112,106,94,83,"1",11,14.9333333333333,197.266666666667,"Far",0.22727272727272,-0.27272727272728,0.629792059827913
"2015_R21_117_118",2015,"2015-08-23 14:40",77,117,118,162,85,"1",37.4,21.4666666666667,212,"Far",0.590909090909093,-0.863636363636346,0.789331931725628
"2015_R21_103_111",2015,"2015-08-23 15:20",23,103,111,78,55,"1",-42.4666666666667,-27.2,193.6,"Close",-0.0909090909090935,-0.22727272727272,0.411041307423335
